Date,Q_AguaV  2 \ Reach,Q_AguaV  4 \ Reach,Q_AS1  2 \ Reach,Q_AS2  2 \ Reach,Q_Cam  2 \ Reach,Q_Chanch  2 \ Reach,Q_DelP  2 \ Reach,Q_Honda  2 \ Reach,Q_Mait  2 \ Reach,Q_S_N_2  2 \ Reach,Q_S_N_3  2 \ Reach,Q_S_N_5  2 \ Reach,Q_S_N_6  2 \ Reach,Q_S_N_7  2 \ Reach,Q_S_N1  2 \ Reach
1994-04-01,6452.1014399999995,19416.0672,3973.6656,3973.6656,47104.329600000005,6764.10048,3435.53184,39707.3664,12963.974400000001,5938.13376,2151.91296,4310.3664,2186.3952,4328.50176,16931.8944
1994-05-01,5872.19328,17578.2528,3593.4796800000004,3593.4796800000004,41931.648,5606.098559999999,2863.2614399999998,35387.712,11706.076799999999,5396.6736,1913.31072,3854.48544,1968.31296,3827.6755200000002,15145.488000000001
1994-06-01,5961.7296,17456.8608,3533.7686400000002,3533.7686400000002,40523.328,5047.5312,5693.3971200000005,35949.6576,11495.1744,5329.90368,3671.63712,5594.037120000001,1927.4803200000001,3697.56576,14690.5056
1994-07-01,5482.80576,16072.6464,3275.96832,3275.96832,37256.112,4348.87488,5278.58208,31405.881599999997,10589.8752,4979.93184,3551.06592,4050.83808,1794.9945599999999,3414.9340800000004,13377.1392
1994-08-01,5178.19392,15147.648000000001,3089.49984,3089.49984,35019.648,3928.80672,3037.23648,28927.2384,9969.4368,4769.38368,2279.62944,3391.83936,1709.09568,3217.74336,12483.849600000001
1994-09-01,5054.03712,14737.5072,3003.09984,3003.09984,33654.009600000005,6744.00384,2222.77824,27720.0576,9683.4528,4691.8656,1780.03008,3128.6822399999996,1662.22368,3085.9919999999997,12027.312
1994-10-01,4636.29312,13476.24,2743.1827200000002,2743.1827200000002,30335.9904,9165.1392,1741.40928,25018.2432,8839.9296,4329.48672,1439.3721600000001,2793.33792,1513.728,2770.46784,10889.424
1994-11-01,4570.7328,13245.6384,2692.30176,2692.30176,29411.510400000003,9596.7072,1606.9017600000002,24299.913600000003,8674.9056,4291.704,1375.03872,2732.06304,1481.4576,2677.25952,10594.2816
1994-12-01,4236.77088,12250.224,2485.4256,2485.4256,26861.8464,9260.4384,1411.13664,22224.7584,8013.418559999999,4003.44768,1253.016,2525.83488,1365.7679999999998,2440.93824,9690.9696
1995-01-01,4057.6463999999996,11709.878400000001,2370.65184,2370.65184,25390.0224,8705.664,1283.04,21032.2656,7652.22336,3859.25472,1183.61088,2414.64672,1303.06752,2304.25344,9162.288
1995-02-01,4295.49696,12368.5056,2498.44608,2498.44608,26543.7216,8966.592,1287.77472,22014.8064,8073.03456,4105.0368,1235.6064,2544.6096,1374.81408,2404.83168,9582.7104
1995-03-01,3691.18944,10598.0832,2137.11264,2137.11264,22508.582400000003,7497.38592,1041.56064,18692.8128,6906.9024,3534.5808,1044.97344,2166.07392,1175.82624,2031.34176,8140.098239999999
1995-04-01,3608.0294400000002,10322.8992,2079.3024,2079.3024,21678.192,7158.96576,949.8988800000001,18029.4336,6714.8956800000005,3455.5334399999997,1002.8707199999999,2089.7827199999997,1141.28352,1943.3779200000001,7867.53216
1995-05-01,3292.4880000000003,9384.6816,1888.71264,1888.71264,19471.7088,6419.58048,804.86784,16218.8352,6092.228160000001,3153.2976,897.28128,1880.6256,1032.57504,1731.04992,7100.8704
1995-06-01,3203.2368,9096.624,1829.20896,1829.20896,18655.056,6181.4016,726.230016,15553.9008,5893.36992,3069.26496,855.8568,1804.88736,995.76,1642.80096,6835.43232
1995-07-01,2925.0979199999997,8276.7744,1662.7680000000003,1662.7680000000003,16807.392,5613.03648,618.064128,14011.1424,5351.67648,2802.0211200000003,767.464416,1625.2272,902.3270400000001,1466.3548799999999,6181.099200000001
1995-08-01,2768.4979200000002,7805.306879999999,1566.72576,1566.72576,15696.0288,5291.38656,547.65504,13083.12,5036.80896,2650.82976,714.028608,1517.9443199999998,847.351584,1357.4736,5796.610559999999
1995-09-01,2716.5456,7638.312959999999,1531.88928,1531.88928,15242.4288,5174.53056,505.269792,12767.241600000001,4921.76736,2603.94048,689.30352,1492.0848,827.183232,1308.89952,5637.168
1995-10-01,2505.65184,7030.9382399999995,1408.8902400000002,1408.8902400000002,13928.2848,4837.51872,440.632224,11652.5088,4525.2864,2411.64,626.342112,1356.47136,759.7903680000001,1189.24416,5154.26112
1995-11-01,2479.93056,6944.2963199999995,1390.3488,1390.3488,13624.3296,4953.32928,415.353312,11409.206400000001,4464.36576,2402.41248,611.8001280000001,1336.74624,747.4602239999999,1157.7168,5055.83424
1995-12-01,2309.13504,6456.525119999999,1290.87648,1290.87648,12559.8816,4892.2272,371.14848,10532.16,4147.39008,2252.18016,563.390208,1244.0736,693.1872000000001,1064.1455999999998,4665.80736
1996-01-01,2222.08704,6205.05792,1238.31936,1238.31936,11983.161600000001,4859.611199999999,343.338912,10061.4528,3982.97088,2181.4704,536.648544,1197.13248,665.480448,1013.0486400000001,4452.67584
1996-02-01,2279.00736,6353.7004799999995,1265.78592,1265.78592,12184.991999999998,4974.72192,337.315104,10243.6704,4074.6931200000004,2249.32032,544.472064,1224.92736,680.703264,1026.68256,4531.5504
1996-03-01,2033.9424,5658.4915200000005,1125.9648,1125.9648,10770.1056,4456.58112,285.85353599999996,9065.2608,3624.54912,2013.19776,479.6064,1085.59008,604.97712,902.38752,4013.7120000000004
1996-04-01,1998.2592,5542.292160000001,1102.48992,1102.48992,10520.409599999999,4398.399359999999,273.33504,8913.1968,3544.0329599999995,1982.54304,471.93321599999996,1100.07936,592.959744,875.03328,3911.4316799999997
1996-05-01,1833.9868800000002,5070.85056,1009.03968,1009.03968,9597.8304,4066.5196800000003,229.25203199999999,8124.839999999999,3236.87232,1824.19776,420.044832,963.4809600000001,542.668032,791.900064,3563.51616
1996-06-01,1797.5347199999999,4955.204159999999,985.79808,985.79808,9304.1568,4021.5312,210.576672,7873.00128,3157.66944,1787.3136,404.26991999999996,927.7372799999999,528.4163520000001,761.13648,3468.9340800000004
1996-07-01,1651.86432,4535.06688,901.1347199999999,901.1347199999999,8446.1616,3730.09536,650.058048,7142.100480000001,2883.20256,1644.81408,817.06752,839.66112,481.37760000000003,684.1454399999999,3160.45152
1996-08-01,1672.03872,4488.55776,892.34784,892.34784,8428.54464,3579.9321600000003,2779.7731200000003,7227.9648,2816.5190399999997,1659.6057600000001,2550.68352,1981.8172799999998,474.81897599999996,680.6998080000001,3170.448
1996-09-01,1750.55904,4635.35136,925.9488000000001,925.9488000000001,8839.4112,3555.56736,1257.0768,7325.1302399999995,2884.7923200000005,1763.9337600000001,1272.43872,1250.5968,492.79708800000003,718.076448,3362.6016000000004
1996-10-01,1650.3955199999998,4343.78592,864.0691200000001,864.0691200000001,8217.58176,3316.77504,526.809312,6705.86688,2693.3903999999998,1680.45408,623.919456,889.4361600000001,461.03212800000006,669.955104,3171.45024
1996-11-01,1643.9932800000001,4316.3366399999995,856.6732800000001,856.6732800000001,8087.6016,5708.89728,388.436256,6598.73088,2672.33472,1687.07232,469.023264,811.836864,456.509952,657.96624,3145.8671999999997
1996-12-01,1534.5071999999998,4024.9872,797.7035520000001,797.7035520000001,7488.00288,7887.55104,333.428832,6118.22592,2490.48,1586.85696,402.12547199999995,744.883776,424.744992,607.306464,2918.53152
1997-01-01,1478.3904,3875.80032,766.919232,766.919232,7171.5455999999995,7707.16512,308.20176,5866.776000000001,2397.40992,1540.14912,380.638656,717.3705600000001,408.73248,579.828672,2793.5971200000004
1997-02-01,1571.59008,4117.8067200000005,813.707424,813.707424,7581.14208,8134.31808,313.344288,6209.42976,2546.21664,1647.65664,400.125312,762.407424,434.035584,610.375392,2951.56224
1997-03-01,1354.07808,3543.93792,699.683616,699.683616,6488.61408,7033.936320000001,255.717216,5322.6806400000005,2189.85984,1426.0406400000002,340.300224,653.8838400000001,373.11580799999996,519.103296,2527.55424
1997-04-01,1326.38688,3464.93376,683.7402239999999,683.7402239999999,6301.83456,7002.43488,234.897408,5176.5696,2138.5468800000003,1400.6908799999999,328.140288,635.05296,363.883104,499.76352,2460.4646399999997
1997-05-01,1212.22656,3159.7862400000004,623.287008,623.287008,5714.22816,6425.0928,200.259648,4694.9328,1947.55968,1282.06368,294.840864,574.006176,331.039008,448.422912,2235.36672
1997-06-01,3404.3328,9362.0448,1723.05792,1723.05792,13345.776,6248.8368,67585.7088,17607.369599999998,5957.7033599999995,3276.78048,32761.4112,37182.672,929.9059199999999,1854.6191999999999,4828.7664
1997-07-01,5058.357120000001,16500.412800000002,3138.18624,3138.18624,23568.537600000003,5712.64704,28471.9104,20119.968,11442.0384,5899.383360000001,14680.742400000001,14328.489599999999,1814.63328,4140.64224,8399.84256
1997-08-01,24933.312,58341.340800000005,6362.487359999999,6362.487359999999,45515.520000000004,6824.615040000001,214465.536,98547.84000000001,33408.0288,17346.528000000002,91508.832,102929.18400000001,6892.32672,20582.208,19616.083199999997
1997-09-01,21550.32,64366.0128,10375.6032,10375.6032,70501.70880000001,8174.93472,47674.656,53008.992,42815.6928,21477.8304,28215.1296,35741.692800000004,8694.864,24250.8384,29366.064
1997-10-01,17314.6464,55778.8032,10013.76,10013.76,66183.264,7481.71296,20707.92,49744.1952,38464.1568,19026.4896,11170.3968,17077.2192,7391.874239999999,19041.1776,28616.0256
1997-11-01,15215.817599999998,51835.1616,9894.009600000001,9894.009600000001,64237.968,528756.7679999999,11123.395199999999,45662.659199999995,36619.344000000005,18010.5984,5674.536,9338.025599999999,6991.704,17354.304,27991.1808
1997-12-01,13773.7152,46944.31679999999,8999.9424,8999.9424,57992.543999999994,576596.448,8614.41696,41375.8368,33170.688,16417.9008,4076.2223999999997,7373.71296,6300.4176,15267.312,25268.0256
1998-01-01,13054.0032,44185.21920000001,8453.06496,8453.06496,54103.5072,185252.832,7501.48128,38764.483199999995,31131.216,15540.6816,3730.22496,6905.41632,5896.0656,13995.6768,23490.7776
1998-02-01,13678.934399999998,45990.0288,8780.140800000001,8780.140800000001,55873.929599999996,162990.144,7235.784000000001,40187.491200000004,32311.094399999998,16245.4464,3832.49664,7176.89376,6107.996160000001,14211.417599999999,24173.856
1998-03-01,11648.88,38882.9376,7412.230079999999,7412.230079999999,46860.9408,122066.78399999999,5653.3248,33827.4144,27234.0576,13763.1744,3195.4003199999997,6031.065600000001,5137.29216,11709.705600000001,20239.1136
1998-04-01,11297.663999999999,37432.6272,7127.06688,7127.06688,44772.6528,99054.144,5007.76992,32781.6288,26134.876800000002,13261.622399999998,3029.41728,5748.7968,4929.06816,11003.2992,19312.4736
1998-05-01,10240.473600000001,33674.4,6405.5145600000005,6405.5145600000005,39976.7616,77815.1232,4142.90592,29158.6176,23433.9264,11932.1856,2683.1088,5114.48256,4407.84288,9631.5264,17240.9472
1998-06-01,11333.952,35432.4672,6392.468159999999,6392.468159999999,40616.0352,66197.0016,14229.820800000001,35763.292799999996,24098.5152,12320.726400000001,8633.632319999999,11300.7744,4846.20192,10607.155200000001,16900.272
1998-07-01,10003.6512,32553.792,6076.192319999999,6076.192319999999,39219.3792,53631.935999999994,5626.7136,32148.403199999997,22550.140799999997,11269.7568,3948.0998400000003,7487.54496,4781.38464,10460.7936,15513.984
1998-08-01,9355.996799999999,30684.8736,5781.48192,5781.48192,36963.9072,45588.096,3819.8390400000003,28502.150400000002,21328.790399999998,10612.944,2838.6115200000004,5444.13312,4565.73888,9863.7696,14518.223999999998
1998-09-01,9107.510400000001,29821.7376,5626.6704,5626.6704,35661.3408,40662.6912,3118.27104,27404.6112,20714.227199999998,10324.5408,2414.18016,4664.93472,4430.16864,9414.4032,14030.496000000001
1998-10-01,8336.54592,27184.377600000003,5129.222400000001,5129.222400000001,32233.5936,50279.7024,2553.5088,24778.569600000003,18847.8144,9449.0496,2048.69088,3988.38816,4011.12864,8378.8992,12724.56
1998-11-01,8198.20224,26591.155199999997,5014.33632,5014.33632,31261.68,65198.9952,2336.84352,24070.3488,18392.9184,9293.0112,1943.6025599999998,3829.23072,3890.09952,7994.730240000001,12378.528
1998-12-01,7582.99968,24470.035200000002,4608.99936,4608.99936,28555.9776,64855.4688,2045.4768000000001,22036.924799999997,16887.052799999998,8600.67936,1764.56448,3515.0975999999996,3553.8739199999995,7196.99904,11327.904
1999-01-01,7249.54752,23280.3936,4378.129919999999,4378.129919999999,26996.284799999998,53959.0464,1857.70368,20880.0288,16030.828800000001,8227.673279999999,1663.64928,3348.57888,3361.19328,6711.90624,10717.4016
1999-02-01,7655.428800000001,24468.9984,4594.82112,4594.82112,28218.672,52272.864,1859.6736,21871.382400000002,16813.6128,8683.1136,1733.4,3517.53408,3515.00256,6920.389440000001,11203.574400000001
1999-03-01,6683.16096,21015.504,3915.03456,3915.03456,24283.2384,44813.8656,3427.71264,19114.3584,14332.3776,7506.2591999999995,2789.38944,3002.37408,3010.71168,5846.230079999999,9609.148799999999
1999-04-01,6492.66624,20392.3008,3798.8697599999996,3798.8697599999996,23784.537599999996,40511.3184,1544.10624,18416.5056,13899.686399999999,7328.39616,1577.26656,2878.7616000000003,2919.8016,5588.46432,9385.8048
1999-05-01,5923.1952,18512.928,3443.96448,3443.96448,21432.9888,33897.3984,1274.97024,16741.4688,12589.776000000002,6660.19584,1329.34176,2586.67776,2637.1008,4964.48352,8493.387840000001
1999-06-01,6085.566720000001,18561.4848,3422.93472,3422.93472,21284.8992,30595.1904,4281.86304,17772.9984,12475.9008,6623.968320000001,3491.19936,4794.69888,2628.3312,4898.5689600000005,8399.6352
1999-07-01,5643.2591999999995,17285.356799999998,3224.67264,3224.67264,20125.3248,26138.592,2834.6112,16448.9184,11642.0544,6189.19488,2480.59584,3404.3241599999997,2449.24128,4541.54688,7843.06368
1999-08-01,5531.09472,16766.8704,3115.34208,3115.34208,19361.0304,23279.4432,3097.12032,15784.156799999999,11235.801599999999,5978.9664,2653.00704,3839.54688,2335.84992,4289.64768,7466.230079999999
1999-09-01,5641.93728,17228.3328,3197.4998400000004,3197.4998400000004,19746.2016,21611.8368,2886.39072,16558.3008,11586.3264,6064.89984,2498.19552,5323.57056,2418.60384,4446.2995200000005,7388.43552
1999-10-01,5390.7724800000005,17066.0736,3166.30944,3166.30944,19218.211199999998,19126.9728,2019.8851200000001,16106.256,11675.3184,5802.00192,1844.1216,5969.73888,2408.7024,4484.99808,6880.4208
1999-11-01,5321.43648,17398.5408,3249.78048,3249.78048,19371.9168,24286.0032,1212.45984,15770.2464,12077.078399999999,5836.86432,1249.91424,3004.20576,2447.40096,4568.73696,6806.0304
1999-12-01,4933.6128,16152.7392,3004.2316800000003,3004.2316800000003,17830.9728,31550.342399999998,985.96224,14517.878400000001,11219.1264,5450.8032,1027.47744,2233.15488,2262.9456,4184.835840000001,6281.48736
2000-01-01,4729.38912,15426.4608,2864.19456,2864.19456,16949.8656,31220.8128,903.312,13824.604800000001,10697.097600000001,5241.51648,963.2217599999999,2098.64736,2153.088,3936.8419200000003,5982.871679999999
2000-02-01,4831.5484799999995,15696.633600000001,2910.2111999999997,2910.2111999999997,17185.3056,30083.9616,880.0272,14038.9632,10865.0592,5363.85888,972.5443200000001,2134.8316800000002,2184.39936,3946.76064,6074.61984
2000-03-01,4295.9376,13895.5392,2573.71776,2573.71776,15149.894400000001,25240.5504,739.9615679999999,12395.8944,9599.5584,4767.552,853.27776,1882.60416,1926.77184,3434.54688,5366.93472
2000-04-01,4200.69888,13519.699200000001,2502.9907200000002,2502.9907200000002,14656.3776,23332.8384,679.2232319999999,12010.2048,9318.931199999999,4652.7696,821.5499520000001,1819.5926399999998,1864.58976,3273.72192,5214.9312
2000-05-01,4724.352,14627.52,2655.5472,2655.5472,15284.3328,20286.2016,9400.4928,15189.8112,9903.168,4819.1328,6909.61536,11524.1184,1982.1456,3570.0307199999997,5401.71072
2000-06-01,7130.96352,21548.937599999997,3773.8656,3773.8656,21444.48,18969.0336,32150.304,26907.8112,14417.9136,6690.23712,18701.6256,24602.486399999998,2875.1587200000004,5662.9324799999995,7757.0352
2000-07-01,8315.29152,26097.033600000002,4671.06048,4671.06048,27583.977600000002,16714.5984,26587.440000000002,29091.0528,17781.8112,8242.83648,14683.766399999999,17386.0128,3794.5497600000003,8058.70944,10068.192
2000-08-01,8089.130880000001,26650.425600000002,4934.09664,4934.09664,30334.0032,15287.615999999998,11192.8608,25129.6128,18561.311999999998,8712.489599999999,6761.42208,8616.1968,4071.80736,8805.2832,11043.9072
2000-09-01,8110.73088,26766.2016,4960.4313600000005,4960.4313600000005,30579.724800000004,14523.062399999999,7561.831679999999,24543.0432,18655.4016,8871.206400000001,4585.96512,6341.73408,4083.40224,8755.8624,11376.4608
2000-10-01,7397.1273599999995,24588.662399999997,4585.8096,4585.8096,28058.572799999998,31672.079999999998,4085.96832,22155.638400000003,17191.5264,8248.77216,2516.06304,4219.03296,3735.99648,7895.612160000001,10623.139200000001
2000-11-01,7260.736319999999,24107.500799999998,4499.26272,4499.26272,27317.3472,97207.776,3188.4969600000004,21576.931200000003,16846.703999999998,8160.03072,1903.84992,3622.1299200000003,3636.3340799999996,7567.26624,10437.4656
2000-12-01,6717.159360000001,22207.5648,4140.936,4140.936,24988.176,128960.64,2706.32448,19783.7856,15490.3968,7571.90592,1628.73504,3241.00224,3326.13216,6821.582399999999,9579.945600000001
2001-01-01,6421.87008,21134.9088,3934.8028799999997,3934.8028799999997,23650.271999999997,85631.90400000001,2435.2358400000003,18768.0672,14713.056,7255.44864,1517.7456,3073.15296,3147.95808,6365.96928,9071.654400000001
2001-02-01,6781.00032,22214.1312,4129.07328,4129.07328,24742.886400000003,80214.9696,2421.3513599999997,19677.427200000002,15433.1136,7666.92864,1579.62528,3228.75936,3293.8099199999997,6566.996160000001,9490.6944
2001-03-01,5916.35232,19204.2144,3545.57952,3545.57952,21539.2608,78277.4496,4027.7433600000004,17795.2896,13287.887999999999,6684.552000000001,2574.70272,3582.1267199999998,2858.56992,5633.3232,8104.4496
2001-04-01,5746.031999999999,18695.3184,3465.0374399999996,3465.0374399999996,21302.4384,65331.0144,1880.9020799999998,17123.2704,12949.2864,6552.169919999999,1384.66368,2708.0006399999997,2783.02176,5415.370559999999,7877.32992
2001-05-01,5238.164159999999,16948.656,3139.1279999999997,3139.1279999999997,19188.3168,53026.444800000005,1588.3776,15437.7792,11710.483199999999,5951.3184,1192.2336,2406.2745600000003,2507.92416,4796.25408,7125.64128
2001-06-01,5101.099200000001,16412.543999999998,3038.87808,3038.87808,18457.631999999998,46484.6688,1434.27456,14866.5024,11311.401600000001,5772.470399999999,1134.65664,2306.48256,2412.288,4534.16832,6887.16864
2001-07-01,4652.00064,14884.387200000001,2755.70208,2755.70208,16621.9776,38594.188799999996,1213.60896,13403.8368,10232.351999999999,5247.90144,1014.97536,2075.00832,2171.88864,4012.32096,6234.131520000001
2001-08-01,5324.26176,15545.088,2810.82528,2810.82528,16992.4608,33508.425599999995,12053.491199999999,15229.814400000001,10220.8608,5384.38752,7668.74304,7819.0617600000005,2175.5952,4016.4163200000003,6668.51616
2001-09-01,5449.49856,16035.839999999998,3007.5667200000003,3007.5667200000003,18291.0528,30465.936,4448.23488,15051.6576,10586.3328,5695.76448,3222.27936,3883.4035200000003,2241.2592,4167.03744,7537.6656
2001-10-01,5085.00288,14934.0672,2800.63008,2800.63008,17003.8656,39442.5504,2295.3024,13704.422400000001,9848.9952,5381.7091199999995,1787.37408,2603.55168,2075.22432,3826.70784,7206.84
2001-11-01,5016.49632,14720.2272,2758.5964799999997,2758.5964799999997,16648.3296,46666.6272,1585.3276799999999,13397.9616,9703.7568,5361.1632,1214.23104,2160.93312,2034.18432,3707.8992000000003,7154.6975999999995
2001-12-01,4654.16064,13622.688,2548.31616,2548.31616,15553.296,44487.44640000001,1426.1961600000002,12454.3872,8968.4928,5016.7728,1077.22656,1947.17952,1884.0988799999998,3400.64352,6601.41792
2002-01-01,4460.3568,13023.2448,2431.5638400000003,2431.5638400000003,15030.3168,38660.0256,1242.71712,11887.0848,8562.870719999999,4837.93344,974.5487999999999,1861.4016000000001,1801.21536,3221.13024,6277.97088
2002-02-01,4723.64352,13752.633600000001,2563.8336,2563.8336,15798.758399999999,37826.4384,1249.3958400000001,12520.7424,9028.9728,5135.50368,1018.0252800000001,1966.5072,1895.4432,3351.10176,6597.17568
2002-03-01,4053.29184,11764.0512,2190.36096,2190.36096,13446.9504,30230.928,1008.78912,10676.6208,7710.776639999999,4409.8992,861.309504,1676.1340799999998,1614.8678400000001,2817.31392,5618.0304
2002-04-01,4476.63456,13056.163199999999,2376.69984,2376.69984,14929.574400000001,27699.84,7389.169919999999,12955.68,8579.53728,4779.967680000001,4905.56736,8191.368,1784.69568,3179.49408,5731.76736
2002-05-01,8235.48384,20633.8752,3355.3526399999996,3355.3526399999996,23486.2848,23926.2336,54770.688,28647.302400000004,12398.4,7105.1904,28560.816,28992.297599999998,2982.33792,6087.41568,8482.35456
2002-06-01,9253.008,26115.091200000003,4655.26656,4655.26656,35028.9792,22225.363200000003,31246.732799999998,31448.9952,16862.0832,9689.9328,16439.9328,15886.1088,4173.73344,9178.7904,12486.4416
2002-07-01,12949.2864,33778.8576,5372.2224,5372.2224,42434.1504,19463.5872,65249.0208,45515.520000000004,20829.5712,12672.1152,31492.886400000003,27599.9616,5698.157760000001,13302.057600000002,14267.0592
2002-08-01,20347.9776,48134.5632,6942.70656,6942.70656,54904.52159999999,17702.6688,80320.63680000001,60463.584,27786.672,17266.2624,38733.2064,37319.0112,7880.967360000001,19378.224000000002,18935.5104
2002-09-01,16900.6176,46282.1472,8049.231360000001,8049.231360000001,61819.9776,16889.558399999998,25367.904,42405.033599999995,29381.529599999998,17387.9136,14675.472,15358.7232,7566.4627199999995,17982.3456,21988.8
2002-10-01,13690.7712,40495.1616,7488.6768,7488.6768,56616.451199999996,356264.352,10072.08,38053.584,26804.3904,15639.9552,5862.38688,7709.03136,6569.48448,15080.9472,20600.8704
2002-11-01,12994.646400000001,39012.624,7296.22944,7296.22944,54439.344,526473.216,7313.734079999999,36729.3312,26018.064,15189.6384,3759.0307199999997,5786.63136,6276.165120000001,14085.705600000001,20006.265600000002
2002-12-01,11963.5488,35742.9024,6674.840639999999,6674.840639999999,49293.1872,240047.712,6202.70784,33426.7776,23779.353600000002,13950.144,3217.1385600000003,5138.80416,5691.71232,12539.5776,18179.5968
2003-01-01,11387.52,33849.2736,6309.480960000001,6309.480960000001,46186.7616,164672.35199999998,5488.776,31470.2496,22461.6672,13250.822400000001,2991.79872,4857.15744,5343.390719999999,11566.540799999999,17072.3808
2003-02-01,11973.225600000002,35412.940800000004,6588.68256,6588.68256,47859.984,134540.352,5365.10304,32753.2032,23439.7152,13894.0704,3090.2947200000003,5077.3564799999995,5547.787200000001,11801.030400000001,17723.0592
2003-03-01,10218.096,30065.1264,5584.96512,5584.96512,40240.9728,98589.312,4233.54816,27651.6288,19847.0304,11807.1648,2587.6800000000003,4291.71264,4672.74528,9758.3616,14937.436800000001
2003-04-01,9930.2976,29053.0368,5392.03392,5392.03392,38481.3504,82943.3088,3783.4646399999997,26542.5984,19122.7392,11411.6256,2463.07392,4117.23648,4475.0016,9164.2752,14337.216
2003-05-01,9708.9408,26979.5232,4912.28928,4912.28928,34803.216,66073.536,10190.707199999999,24392.88,17270.5824,10500.192,6268.22496,4850.7119999999995,4029.93792,8097.39072,13380.4224
2003-06-01,9208.7712,25825.6512,4777.43616,4777.43616,33631.9776,57182.3712,4480.20288,23139.3024,16616.88,10149.9264,3236.06016,3851.16768,3852.0316799999996,7595.570879999999,13291.8624
2003-07-01,8330.256,23315.385599999998,4318.84224,4318.84224,30207.167999999998,46808.064,3516.48,20752.415999999997,14985.1296,9213.5232,2572.0416,3318.3216,3456.93312,6690.936959999999,12040.876800000002
2003-08-01,7819.16544,21793.6224,4035.93408,4035.93408,28040.7744,40202.2656,2619.81216,19255.3632,13974.5088,8633.35584,2054.22912,3014.46144,3205.93248,6093.58464,11215.0656
2003-09-01,7610.034239999999,21121.9488,3910.6022399999997,3910.6022399999997,26915.241599999998,36128.678400000004,2215.47744,18532.108799999998,13511.9232,8393.6304,1825.03584,2881.4140800000005,3079.7107199999996,5752.563840000001,10815.552000000001
2003-10-01,6972.7392,19279.6416,3567.68064,3567.68064,24325.2288,40969.6704,1871.5968,16807.996799999997,12306.9024,7690.74048,1611.36,2620.31328,2786.58144,5123.32128,9809.5104
2003-11-01,6856.5657599999995,18897.5808,3492.99648,3492.99648,23631.0912,41471.3088,1729.0627200000001,16387.1424,12040.963199999998,7575.8976,1551.2256000000002,2569.6569600000003,2710.16064,4913.66304,9548.6688
2003-12-01,6350.192639999999,17449.344,3221.80416,3221.80416,21632.486399999998,35278.0704,1522.4371199999998,15058.1376,11099.1168,7030.4198400000005,1416.7007999999998,2380.752,2483.784,4448.35584,8760.096
2004-01-01,6079.90752,16659.216,3072.19392,3072.19392,20497.7088,31321.6416,1388.7936000000002,14320.800000000001,10579.248,6743.61504,1339.8220800000001,2280.2428800000002,2356.57728,4171.61664,8313.9696
2004-02-01,6199.38144,16940.6208,3119.0918399999996,3119.0918399999996,20723.5584,29949.8688,1343.91744,14525.8272,10741.248,6883.7904,1348.58304,2319.71904,2386.2211199999997,4173.75936,8406.2448
2004-03-01,5505.48576,14996.6208,2755.14912,2755.14912,18392.659200000002,27160.703999999998,1260.11808,12980.9952,9491.126400000001,6119.513279999999,1282.08096,2044.28448,2124.4464,3675.5164800000002,7393.70592
2004-04-01,5376.76704,14598.2304,2680.39584,2680.39584,17935.603199999998,25661.8368,1034.76096,12602.563199999999,9221.472,5964.7968,1139.17536,1975.89024,2068.36416,3537.864,7160.831999999999
2004-05-01,4920.58368,13327.4592,2450.71008,2450.71008,16342.473600000001,22218.537600000003,906.06816,11780.380799999999,8406.90144,5444.1936,1037.8368,2064.16512,1884.17664,3180.2284799999998,6495.25824
2004-06-01,4793.46336,12968.3808,2389.6339199999998,2389.6339199999998,15909.091199999999,20669.1264,809.616384,11455.516800000001,8174.90016,5300.63136,982.3507199999999,1810.54656,1830.2025600000002,3051.2246400000004,6281.331840000001
2004-07-01,6799.68,17051.904000000002,2848.08096,2848.08096,20016.979199999998,18125.0784,30716.5824,22041.590399999997,10252.224,6580.3535999999995,19593.8784,19374.768,2371.92192,4278.0960000000005,7648.447679999999
2004-08-01,7789.547519999999,21058.4448,3693.54816,3693.54816,26253.4176,16526.9376,18786.9888,20836.7424,13268.9664,8127.03456,11435.472,12506.5728,2967.73632,5807.030400000001,9956.304
2004-09-01,8103.4992,22512.9888,4041.06624,4041.06624,27432.864,19592.2368,9562.9248,20077.8048,14409.5328,8714.649599999999,6361.96896,7985.50272,3110.55552,6152.46624,10895.472
2004-10-01,7355.931839999999,20951.8272,3827.90016,3827.90016,25245.0432,23769.8496,4065.64704,18221.1552,13595.904,8211.70656,2840.9529599999996,4442.420160000001,2874.96864,5639.55264,10324.627199999999
2004-11-01,7181.2656,20581.4304,3772.66464,3772.66464,24565.1616,46190.995200000005,2920.65696,17773.6032,13400.208,8130.23136,1916.24832,3223.5062399999997,2807.3606400000003,5434.06752,10165.392
2004-12-01,6640.32384,18991.2384,3477.93696,3477.93696,22474.2816,51128.064,2471.00544,16318.1952,12350.9664,7540.9056,1593.69984,2792.38752,2572.7155199999997,4915.4169600000005,9335.1744
2005-01-01,6355.96416,18118.6848,3314.74464,3314.74464,21276.864,43648.416000000005,2235.70368,15506.4672,11762.668800000001,7225.16544,1493.8128,2658.38976,2439.8064,4603.1932799999995,8849.1744
2005-02-01,6721.64352,19099.8432,3490.6204799999996,3490.6204799999996,22282.3872,42323.904,2231.94528,16295.6448,12378.1824,7636.896,1557.4636799999998,2799.3599999999997,2559.53088,4768.32096,9272.016
2005-03-01,5767.22592,16329.0816,2982.50208,2982.50208,18913.3056,34148.9952,1795.09824,13876.099199999999,10561.8816,6538.12992,1315.81152,2383.07616,2175.552,3995.55072,7883.38656
2005-04-01,5631.53472,15926.4576,2900.3097599999996,2900.3097599999996,18474.912,31040.496,1631.19744,14323.737599999999,10294.9056,6360.8976,1262.52864,2301.0825600000003,2270.85984,4176.29952,7629.802559999999
2005-05-01,5167.29024,14537.577599999999,2637.07488,2637.07488,16949.8656,26486.870399999996,2394.4550400000003,13039.055999999999,9370.3392,5798.226240000001,1773.16992,2073.57408,2157.9350400000003,3987.03168,6918.84288
2005-06-01,5038.30368,14110.848,2560.2048,2560.2048,16390.425600000002,24312.96,1552.96224,12546.748800000001,9072.604800000001,5639.43168,1298.5056,1995.1574400000002,2085.92928,3796.632,6697.330559999999
2005-07-01,5112.5472,13951.699200000001,2499.60384,2499.60384,15846.5376,21071.9232,6200.02944,13311.9072,8839.152,5406.93792,4254.48288,6392.710080000001,2033.36352,3707.8992000000003,6340.48128
2005-08-01,5883.09696,16077.1392,2861.6457600000003,2861.6457600000003,17771.0112,19011.456000000002,12099.1104,15877.2096,10193.990399999999,5861.73888,7685.35776,11602.223999999998,2279.4912,4299.06528,6851.45088
2005-09-01,5978.62944,17414.352000000003,3224.87136,3224.87136,19699.632,17862.1632,4245.1344,16129.238400000002,11435.7312,6274.670399999999,3116.45664,5698.4688,2469.53664,4761.40032,7487.43264
2005-10-01,5538.51648,16391.5488,3042.69696,3042.69696,18476.035200000002,15826.5792,2224.21248,14716.3392,10853.0496,5928.163199999999,1700.9395200000001,3185.33472,2318.4144,4450.51584,7079.13216
2005-11-01,5469.62976,16217.625600000001,3001.9334400000002,3001.9334400000002,18111.3408,48091.968,1727.4816,14390.697600000001,10747.9872,5902.96896,1300.6224,2531.06208,2279.6726400000002,4328.233920000001,7001.57088
2005-12-01,5071.90464,15005.952,2772.82656,2772.82656,16635.7152,49486.80960000001,1462.3027200000001,13244.083200000001,9934.0128,5497.130880000001,1097.47872,2202.71616,2095.9776,3932.25408,6459.6096
2006-01-01,4857.93504,14328.8352,2643.38208,2643.38208,15796.944,42975.4464,1330.3872000000001,12605.9328,9470.908800000001,5282.4528,1029.30048,2093.10912,1991.53728,3691.9324800000004,6143.9385600000005
2006-02-01,5137.49952,15107.731200000002,2782.8576000000003,2782.8576000000003,16583.9616,42596.4096,1333.96416,13257.9936,9970.2144,5598.175679999999,1074.95424,2206.50912,2091.8736,3830.78592,6452.49888
2006-03-01,4409.1907200000005,12919.9968,2377.69344,2377.69344,14105.318400000002,34041.2544,1077.46848,11299.4784,8510.84064,4804.51392,909.67968,1879.72704,1780.1683199999998,3215.0217599999996,5501.22624
2006-04-01,4307.46336,12568.694399999998,2311.96032,2311.96032,13624.243199999999,30861.993599999998,983.07648,10939.104,8261.19648,4686.69888,874.33344,1816.4217600000002,1720.3968,3058.72416,5340.49632
2006-05-01,3929.93856,11419.315200000001,2099.6236799999997,2099.6236799999997,12289.7952,26370.7488,834.674112,9884.592,7489.35072,4268.09952,784.067904,1636.64928,1552.40928,2715.25824,4841.44992
2006-06-01,3826.4313599999996,11077.257599999999,2035.8,2035.8,11841.206400000001,24208.2432,845.0663040000001,9533.635199999999,7250.80032,4149.26496,812.703456,1574.0697599999999,1495.5839999999998,2573.56224,4683.46752
2006-07-01,3749.09472,10416.2112,1900.4112,1900.4112,11038.291200000001,20977.92,5855.8032,8896.0032,6667.0992,3918.7065599999996,4166.8992,2785.5964799999997,1364.3164800000002,2317.49856,4499.13312
2006-08-01,3615.3907200000003,9964.1664,1840.46688,1840.46688,10682.7552,18921.6,1758.2832,8423.70624,6348.81024,3831.80544,1525.25376,1659.66624,1287.55872,2162.15136,4509.0
2006-09-01,3560.86368,9765.792000000001,1801.9324800000002,1801.9324800000002,10397.2896,17867.865599999997,1098.8956799999999,8169.96672,6204.902400000001,3794.10048,1009.43712,1455.99552,1250.1648,2070.7574400000003,4455.80352
2006-10-01,3284.1935999999996,8978.688,1655.50176,1655.50176,9480.4128,16149.6288,807.1608960000001,7463.61216,5694.4857600000005,3514.1904,748.1229119999999,1278.1584,1140.45408,1864.44288,4097.45088
2006-11-01,3251.48256,8866.0224,1634.06592,1634.06592,9292.233600000001,15597.100799999998,736.756992,7334.634239999999,5614.49664,3493.16928,691.2596159999999,1249.27488,1118.448,1807.7904,4034.03328
2006-12-01,3027.16224,8236.13184,1516.55328,1516.55328,8584.453440000001,13994.2944,654.6165120000001,6791.10048,5208.9696,3267.0345600000005,631.161504,1162.3478400000001,1033.69824,1654.65504,3734.3548800000003
2007-01-01,2908.7942399999997,7901.08128,1452.5827199999999,1452.5827199999999,8204.094720000001,12966.1344,602.0835840000001,6502.8096,4992.28704,3155.4575999999997,599.206464,1118.0592000000001,988.4419200000001,1567.4860800000001,3568.6137599999997
2007-02-01,3087.09792,8372.920320000001,1536.9696,1536.9696,8669.0304,13331.088,610.103232,6882.89184,5285.8224,3360.8044800000002,629.303904,1185.1055999999999,1045.1980800000001,1641.5913600000001,3766.9968
2007-03-01,2657.48256,7193.1888,1318.78368,1318.78368,7424.32608,11197.353599999999,497.496384,5903.616959999999,4535.7062399999995,2897.13888,535.032,1013.9904,895.7088,1391.00544,3226.74624
2007-04-01,2601.43488,7023.24,1286.67744,1286.67744,7216.76736,10775.807999999999,457.38,5745.83328,4421.79648,2836.39968,516.1829759999999,983.11968,871.0329600000001,1334.664,3143.43072
2007-05-01,2381.98752,6413.50656,1174.4092799999999,1174.4092799999999,6559.125120000001,9738.0576,392.66121599999997,5226.61248,4031.5190399999997,2594.1168,465.60355200000004,889.66944,791.896608,1196.66592,2864.8857599999997
2007-06-01,2354.7024,6285.565439999999,1148.56704,1148.56704,6505.33248,9423.3888,1485.97632,5114.5344,3930.8630399999997,2565.1641600000003,1302.7910399999998,927.6336,773.2437120000001,1155.06432,2806.4620800000002
2007-07-01,2178.35136,5766.61248,1052.8185600000002,1052.8185600000002,6073.0300799999995,8560.80576,791.012736,4673.5142399999995,3588.26112,2387.97504,787.196448,808.703136,707.3386559999999,1045.16352,2580.96672
2007-08-01,2074.99104,5463.8928000000005,997.08192,997.08192,5754.55104,8056.35072,468.419328,4400.352,3388.9017599999997,2279.1283200000003,525.416544,744.816384,666.803232,973.0886399999999,2447.3059200000002
2007-09-01,2047.7404800000002,5371.72128,979.8969599999999,979.8969599999999,5627.69856,7852.7663999999995,393.01372799999996,4302.901440000001,3323.9808,2248.39584,465.00652800000006,724.063104,651.640032,939.67776,2404.944
2007-10-01,1897.05024,4962.1248,904.7203199999999,904.7203199999999,5164.16256,9158.3136,323.242272,3955.5475199999996,3065.0745599999996,2087.17344,398.21587200000005,665.416512,598.077216,852.764544,2218.56192
2007-11-01,1883.7359999999999,4916.79936,895.8988800000001,895.8988800000001,5084.19936,20530.1952,299.15136,3903.83712,3033.06336,2081.88576,379.66319999999996,659.657088,589.070016,831.5568,2194.05888
2007-12-01,1758.3696000000002,4582.50912,834.251616,834.251616,4714.83936,26470.2816,267.012288,3628.22976,2824.13952,1954.0656000000001,347.85504000000003,616.8191039999999,546.503328,764.9354880000001,2039.89536
2008-01-01,1694.90016,4412.43072,802.413216,802.413216,4524.51744,25090.128,247.71398399999998,3488.93568,2717.5305599999997,1894.21632,331.92288,596.0545920000001,524.7901439999999,728.6423040000001,1958.5670400000001
2008-02-01,1739.39616,4523.9472,821.778912,821.778912,4628.34432,24454.9152,243.541728,3575.1023999999998,2784.5510400000003,1952.91648,337.406688,611.665344,537.23088,739.3896,2002.45824
2008-03-01,1552.0809600000002,4030.8710400000004,731.606688,731.606688,4111.19712,20724.5952,206.229888,3181.70592,2478.7900799999998,1747.29312,297.50284800000003,543.239136,477.555264,650.180736,1780.3843200000001
2008-04-01,1523.28384,3947.38272,716.276736,716.276736,4006.20384,19356.0192,190.73664000000002,3106.90944,2424.09888,1716.0595199999998,287.95651200000003,528.719616,465.706368,626.0932799999999,1741.48704
2008-05-01,1508.09472,3779.60256,690.615936,690.615936,3939.8745599999997,16984.944,2074.80096,3082.5878399999997,2271.50784,1655.8560000000002,1767.85632,1379.5056000000002,444.167712,603.3191039999999,1769.18688
2008-06-01,1711.6704,4195.79136,778.082976,778.082976,4719.26304,16004.649599999999,3897.0028799999995,3708.52992,2484.1295999999998,1859.23296,2797.33824,2395.63872,508.86662399999994,739.006848,2156.31072
2008-07-01,1998.67392,5002.05888,926.78688,926.78688,5888.842559999999,14202.5184,8251.260479999999,4694.70816,3003.3763200000003,2140.72416,4918.35456,4802.29344,635.306112,1038.8563199999999,2808.26784
2008-08-01,2277.43488,5904.4032,1087.58592,1087.58592,6920.933760000001,13084.9344,4507.93728,5103.3888,3626.9683199999995,2449.5696000000003,2784.2832,2987.1158400000004,765.141984,1346.72544,3547.96416
2008-09-01,2496.63168,6620.97024,1205.3663999999999,1205.3663999999999,7593.83424,12515.04,3129.50304,5525.6687999999995,4124.32992,2670.67584,1916.31744,3455.66304,850.9968,1541.4624,3924.29664
2008-10-01,2416.4092800000003,6579.63648,1196.83872,1196.83872,7494.068160000001,13059.878400000001,1464.85152,5431.03488,4163.2272,2614.1270400000003,944.9049600000001,1645.94592,841.9032,1542.3696,3801.71232
2008-11-01,2419.64928,6620.9184000000005,1194.7392,1194.7392,7437.2688,33940.6848,1081.08,5350.2336,4201.26912,2642.74272,672.160032,1150.1568,842.3835839999999,1533.73824,3797.2627199999997
2008-12-01,2256.11136,6171.01632,1110.24,1110.24,6881.96736,39479.0112,918.58752,4961.15712,3914.9049600000003,2481.17472,562.597056,970.15968,781.619328,1409.50368,3523.71168
2009-01-01,2170.93824,5928.4828800000005,1065.51936,1065.51936,6583.5504,34839.072,841.764096,4757.806079999999,3757.5446399999996,2400.80544,529.89984,926.24256,748.5229439999999,1336.35744,3371.0947199999996
2009-02-01,2306.89728,6288.07968,1129.27392,1129.27392,6957.64512,34667.9136,850.068,5039.96256,3981.1824,2561.8896,556.89984,983.24928,791.885376,1398.9456,3561.52032
2009-03-01,1986.60384,5403.2832,970.00416,970.00416,5952.8736,28089.8496,689.5998720000001,4322.64384,3416.67936,2211.7104,473.229216,842.264352,678.284064,1183.45536,3049.7385600000002
2009-04-01,1944.0604799999999,5272.57728,946.76256,946.76256,5774.59584,25775.9712,629.5129919999999,4203.33408,3328.5168000000003,2167.4822400000003,455.7168,817.2766080000001,658.6263359999999,1132.38432,2967.6412800000003
2009-05-01,1777.3862399999998,4838.75424,864.13824,864.13824,5336.15904,22182.508800000003,587.183904,3936.41856,3061.368,1993.71456,441.783936,775.706112,604.522656,1027.80576,2697.77952
2009-06-01,1736.3548799999999,4750.32384,843.0367679999999,843.0367679999999,5279.92992,20532.268799999998,496.20297600000004,3910.2652799999996,3013.96896,1959.9494399999999,400.55990399999996,722.8863359999999,593.890272,999.6393599999999,2621.79072
2009-07-01,1661.82624,4562.5248,808.880256,808.880256,5179.51584,17948.2176,2079.92448,3982.71168,2900.7072,1871.856,1395.82656,1698.8572800000002,583.841952,995.36256,2473.0704
2009-08-01,1647.7171199999998,4569.0912,811.8999359999999,811.8999359999999,5319.61344,16312.4064,1036.09152,4070.77056,2921.37408,1871.9510400000001,780.6291839999999,1077.8832,603.7096319999999,1048.74912,2442.51072
2009-09-01,1646.1792,4560.85728,807.9436800000001,807.9436800000001,5281.96896,15416.352,592.143264,3967.2374400000003,2914.6694399999997,1878.50016,485.682912,787.496256,605.58624,1048.10976,2430.98496
2009-10-01,1529.5651200000002,4226.6016,747.254592,747.254592,4851.90432,18203.7024,452.422368,3641.77728,2697.0364799999998,1751.88096,379.67443199999997,662.193792,558.906048,957.43296,2249.2771199999997
2009-11-01,1519.24896,4188.69792,740.013408,740.013408,4772.5372800000005,22151.663999999997,409.093632,3589.93728,2669.44896,1750.55904,348.92640000000006,636.0664320000001,550.7231039999999,933.2928,2224.2470399999997
2009-12-01,1417.7289600000001,3902.03136,689.0417279999999,689.0417279999999,4421.28672,20265.4656,364.05503999999996,3334.74624,2484.29376,1645.3584,318.217248,591.212736,510.58684800000003,856.8996480000001,2066.99904
2010-01-01,1366.52832,3755.6265599999997,662.7674880000001,662.7674880000001,4238.03232,18657.3888,336.55824,3204.20448,2389.09824,1597.2422399999998,303.651936,571.3934399999999,489.806784,814.36752,1984.0032
2010-02-01,1454.18976,3990.86784,703.725408,703.725408,4489.11072,18960.912,342.49219200000005,3400.7731200000003,2536.67808,1709.28576,320.054112,608.360544,519.24672,854.892576,2102.82048
2010-03-01,1254.93408,3438.08928,605.938752,605.938752,3851.7379200000005,15676.070399999999,280.20384,2923.7760000000003,2183.1551999999997,1480.18752,272.938464,522.815904,445.851648,725.577696,1807.41888
2010-04-01,1249.11072,3426.72768,607.270176,607.270176,3827.70144,14881.104,509.023008,3006.13248,2177.6169600000003,1465.4131200000002,440.516448,887.4489599999999,448.263072,728.136864,1795.07232
2010-05-01,2172.096,6195.769920000001,1124.34912,1124.34912,7724.419199999999,13274.409599999999,27330.2208,9239.7888,4023.67392,2411.40672,13828.5792,17736.4512,860.54832,1741.4697600000002,2907.6624
2010-06-01,3089.4912,9914.4,1862.76672,1862.76672,13485.744,12680.928000000002,10023.0048,12754.1952,6824.8656,3821.7312,5337.16992,6702.03072,1470.19968,3284.07264,4659.66432
2010-07-01,3169.368,10317.9744,1891.80576,1891.80576,13705.113599999999,11392.9632,6657.09408,12832.128,7148.58048,3968.93952,3424.1270400000003,5260.35168,1541.95488,3475.2585599999998,4819.0032
2010-08-01,3475.06848,11028.7008,2013.6556799999998,2013.6556799999998,14530.9248,10608.624,9454.752,14197.3344,7553.615040000001,4185.673919999999,4642.80768,6663.5136,1662.7680000000003,3775.77504,5070.86784
2010-09-01,3968.4297599999995,12211.171199999999,2247.5663999999997,2247.5663999999997,16284.9312,10236.9312,9060.5088,15719.616,8242.76736,4572.09792,4482.69984,6802.86816,1874.4479999999999,4292.8704,5708.698560000001
2010-10-01,3839.64192,11825.568,2211.6844800000003,2211.6844800000003,15930.7776,14240.3616,3551.16096,14446.166399999998,7985.900159999999,4455.09504,1884.89376,3230.80704,1837.65888,4188.51648,5712.77664
2010-11-01,3834.0,11781.590400000001,2198.28384,2198.28384,15696.3744,63448.704,2452.99968,14128.3008,7947.56448,4478.56992,1233.02304,2340.74016,1824.8112,4106.86848,5742.86976
2010-12-01,3571.29216,10939.8816,2037.62304,2037.62304,14452.0416,113495.904,2029.29408,13014.2592,7368.546240000001,4188.16224,990.7315199999999,1992.02112,1684.584,3741.31872,5330.4825599999995
2011-01-01,3432.2227199999998,10479.888,1949.4432,1949.4432,13756.8672,98815.68,1837.4256,12400.3008,7047.67392,4037.8089600000003,922.78656,1889.1100800000002,1605.49344,3519.06336,5090.93856
2011-02-01,3639.96288,11080.2816,2058.68736,2058.68736,14472.431999999999,89525.952,1837.65024,13052.2752,7440.284159999999,4290.21792,963.38592,1991.4681600000001,1690.7788799999998,3656.5344,5363.39232
2011-03-01,3129.7881599999996,9496.3968,1762.70688,1762.70688,12339.648000000001,68433.2064,1479.0470400000002,11135.3184,6366.6432,3690.1267199999998,816.232032,1697.3020800000002,1442.9232,3074.40576,4581.35136
2011-04-01,3062.35296,9256.6368,1717.2259199999999,1717.2259199999999,11949.206400000001,59244.6528,1344.96288,10790.928,6194.26656,3608.29728,785.2896,1641.30624,1398.20256,2930.1436799999997,4453.76448
2011-05-01,2803.3344,8439.62112,1565.38656,1565.38656,10811.4912,48522.9312,1142.65728,9765.1872,5636.28672,3296.32416,706.332096,1482.18336,1265.328,2606.72256,4051.48608
2011-06-01,3593.3328,9953.366399999999,1839.51648,1839.51648,12584.937600000001,43008.623999999996,20338.905600000002,13242.441599999998,6360.06816,3850.7356800000002,10615.536,10730.3616,1410.21216,2945.69568,5025.83616
2011-07-01,5227.45056,13994.3808,2555.29728,2555.29728,16621.718399999998,36211.6224,34207.401600000005,20526.048,8766.9216,5122.4486400000005,16447.7952,19535.04,1749.9369599999998,3838.03488,7663.09248
2011-08-01,6206.64768,17502.6528,3204.0748799999997,3204.0748799999997,20153.1456,31792.8672,18741.9744,19177.862399999998,11296.0224,6242.28768,9667.0368,11166.8544,2059.07616,4633.191360000001,10251.0144
2011-09-01,6327.52992,18530.2944,3372.26976,3372.26976,21204.5472,50194.684799999995,7999.6032000000005,18479.4048,12202.7904,6686.798400000001,4498.59744,5612.12928,2170.35936,4870.16928,11318.0544
2011-10-01,5929.0617600000005,17950.6368,3224.9059199999997,3224.9059199999997,19807.9776,50779.6992,4677.35904,17508.6144,12021.523200000001,6345.03456,2462.16672,6307.2864,2054.4019200000002,4565.60928,10772.438400000001
2011-11-01,5848.86528,18188.8416,3277.92096,3277.92096,19615.9968,98550.432,3500.1676799999996,17060.1984,12339.9936,6328.73088,1786.06944,3725.0323200000003,2045.2262400000002,4492.53216,10677.9168
2011-12-01,5416.22592,16873.2288,3031.6032,3031.6032,18023.2992,68848.0992,2907.63648,15671.059200000002,11456.9856,5896.0656,1472.31648,2866.7347200000004,1886.14656,4088.55168,9820.915200000001
2012-01-01,5185.09728,16098.6528,2888.2396799999997,2888.2396799999997,17112.2112,58827.7728,2614.69728,14893.459200000001,10913.529600000002,5662.4832,1372.94784,2681.70912,1794.75264,3839.00256,9298.2816
2012-02-01,5288.65632,16363.900800000001,2932.36416,2932.36416,17330.2848,54155.1744,2501.9712,15097.2768,11075.2704,5788.30752,1379.94624,2721.0816,1821.53664,3843.4176,9381.4848
2012-03-01,4691.22624,14460.249600000001,2589.0191999999997,2589.0191999999997,15242.7744,43681.9392,2065.84128,13294.0224,9768.9888,5138.54496,1204.0704,2393.02944,1605.5971200000001,3336.19776,8234.386559999999
2012-04-01,4845.8304,14585.9616,2598.0134399999997,2598.0134399999997,15593.2992,39564.6336,5577.43104,14155.0848,9740.1312,5177.96928,3187.296,4825.66464,1689.79392,3513.26592,8122.93056
2012-05-01,4415.61024,13444.9632,2434.81248,2434.81248,14889.139200000001,37409.644799999995,1967.79456,12947.126400000001,9029.4048,4829.61312,1339.7875199999999,2392.08768,1638.4896,3405.3264,7490.42208
2012-06-01,4294.20096,13032.4032,2355.79104,2355.79104,14333.5872,34220.016,1625.3999999999999,12445.920000000002,8738.1504,4705.0329600000005,1103.23296,2147.2387200000003,1591.15968,3254.99904,7233.59808
2012-07-01,3918.44736,11841.465600000001,2139.2208,2139.2208,12941.6832,29131.920000000002,1357.6032,11234.4192,7923.00096,4287.97152,959.10048,1907.9193599999999,1439.65728,2895.58368,6545.966399999999
2012-08-01,3753.19008,11233.382399999999,2026.2096,2026.2096,12288.5856,25869.542400000002,2249.8992000000003,10920.960000000001,7480.192319999999,4081.8729599999997,1523.16288,2156.7772800000002,1360.4716799999999,2697.3561600000003,6148.18944
2012-09-01,3702.43008,11033.28,1993.7404800000002,1993.7404800000002,12139.2,26300.6784,1471.9190399999998,10712.736,7330.83264,4040.47008,1110.3264,1865.53152,1334.5344,2612.6409599999997,5989.896
2012-10-01,3419.35776,10150.704,1833.9868800000002,1833.9868800000002,11113.286399999999,25758.518399999997,1072.55232,9777.2832,6731.35488,3746.83968,856.3518720000001,1629.1929599999999,1221.79104,2359.8,5481.54432
2012-11-01,3385.83456,10016.8704,1808.7839999999999,1808.7839999999999,10895.1264,32227.1136,968.95008,9593.423999999999,6631.00128,3723.7968,797.029632,1584.4636799999998,1198.96416,2286.85248,5385.03552
2012-12-01,3149.064,9290.4192,1676.21184,1676.21184,10050.8256,29261.260799999996,853.86096,8861.0976,6141.3552,3479.03424,723.7226880000001,1467.91008,1107.35424,2088.57312,4971.0672
2013-01-01,3023.97408,8900.496,1604.12832,1604.12832,9589.6224,27273.888,782.5256640000001,8464.67712,5876.547839999999,3356.6140800000003,686.212992,1409.0976,1058.15808,1974.33504,4737.6144
2013-02-01,3205.25856,9412.1568,1694.4336,1694.4336,10110.3552,28784.937599999997,789.0860160000001,8934.105599999999,6206.9328000000005,3570.9033600000002,719.064,1490.1235199999999,1117.59264,2062.0742400000004,4984.96032
2013-03-01,2757.5424,8073.69984,1452.6432000000002,1452.6432000000002,8636.51808,24487.6608,641.03184,7641.70848,5316.15744,3076.1683199999998,610.332192,1273.22496,956.28384,1741.93632,4260.003839999999
2013-04-01,2701.2096,7879.94784,1417.8758400000002,1417.8758400000002,8379.270719999999,23493.196799999998,588.540384,7422.900479999999,5178.7296,3011.48064,588.58704,1234.1808,928.90368,1667.28672,4145.96448
2013-05-01,3301.8710400000004,8930.6496,1575.02016,1575.02016,9976.0032,20649.7728,15490.3968,9937.2096,5628.804480000001,3366.03168,9537.091199999999,9191.1456,1060.6636799999999,2002.9161599999998,4832.092799999999
2013-06-01,3655.8345600000002,10182.0672,1863.3023999999998,1863.3023999999998,12554.006400000002,19373.472,4579.5024,11010.7296,6526.19808,3975.33312,3166.9488,3412.90368,1285.43328,2543.01984,6037.329599999999
2013-07-01,3628.8345600000002,10064.735999999999,1808.2656,1808.2656,12352.435200000002,17109.1872,5839.42176,10852.6176,6435.8668800000005,3920.7110399999997,3530.06208,3983.9644799999996,1286.03808,2565.63936,6096.738240000001
2013-08-01,3591.44928,10056.960000000001,1799.78976,1799.78976,12344.054399999999,15680.2176,3047.3539199999996,10408.0896,6465.519359999999,3908.96928,2003.4259200000001,2578.50432,1294.19424,2587.74912,6208.71264
2013-09-01,3569.9702399999996,10012.7232,1782.1814399999998,1782.1814399999998,12157.9488,14917.1328,1789.02432,10080.6336,6442.73568,3912.70176,1222.31808,1849.53024,1285.00992,2544.9206400000003,6221.76768
2013-10-01,3301.29216,9243.244799999999,1640.64096,1640.64096,11117.8656,16606.7712,1312.30368,9200.908800000001,5941.96992,3631.8672,883.88928,1488.65472,1179.69696,2306.39616,5740.0617600000005
2013-11-01,3270.46464,9132.2208,1619.1532799999998,1619.1532799999998,10902.902399999999,36112.0032,1201.8412799999999,9048.0672,5861.730240000001,3609.9648,821.4134399999999,1433.9635199999998,1158.98688,2238.07104,5648.97024
2013-12-01,3041.5391999999997,8476.02144,1501.3728,1501.3728,10062.4032,57247.776,1059.3504,8369.6112,5434.48224,3373.4880000000003,745.6320000000001,1326.73248,1071.48096,2046.3321600000002,5212.9008
2014-01-01,2919.6547199999995,8124.209279999999,1437.44544,1437.44544,9604.4832,47885.8176,968.112,7998.80832,5204.5459200000005,3254.6102399999995,706.7934720000001,1273.97664,1024.3670399999999,1935.3167999999998,4964.16384
2014-02-01,3098.20896,8604.28224,1520.78688,1520.78688,10133.2512,46253.203199999996,976.22496,8450.89632,5506.07328,3463.5945600000005,741.425184,1348.68672,1082.6352,2022.81408,5229.178559999999
2014-03-01,2669.13792,7392.781440000001,1305.68544,1305.68544,8663.9328,36578.995200000005,793.461312,7238.5833600000005,4723.64352,2986.00992,630.090144,1153.82016,927.36576,1710.88416,4474.06848
2014-04-01,2615.95008,7221.320640000001,1274.9529599999998,1274.9529599999998,8409.89952,33151.9392,727.873344,7039.93248,4605.37056,2925.18432,607.883616,1119.26016,901.73088,1639.49184,4356.2016
2014-05-01,2564.74944,7029.32256,1238.79456,1238.79456,8428.51872,28310.601599999998,3214.20096,7543.22976,4464.58176,2818.05696,2197.35072,3123.8784,919.27008,1702.30464,4113.0288
2014-06-01,2969.6544,8403.05664,1492.8624,1492.8624,10385.1072,26037.1584,9148.6368,9721.2096,5433.40224,3250.1692799999996,5567.469120000001,7247.266559999999,1146.06144,2240.4816,4723.43616
2014-07-01,3051.3024,9157.0176,1634.8694400000002,1634.8694400000002,11331.100800000002,22578.7392,4592.64384,9744.3648,6105.741120000001,3450.384,2948.47776,4031.44992,1259.67744,2545.62912,5099.64768
2014-08-01,3013.4851200000003,9241.1712,1622.36736,1622.36736,11262.672,23227.862399999998,2136.1968,9176.4576,6227.712,3455.45568,1496.4739200000001,2284.91712,1274.2272,2582.21952,5124.80736
2014-09-01,3240.75168,9988.3584,1759.15584,1759.15584,12122.5248,22557.571200000002,4556.96928,10598.256,6747.632640000001,3621.9312,2719.1376,6146.83296,1483.3670399999999,3081.70656,5341.1961599999995
2014-10-01,3110.36544,9884.0736,1785.1795200000001,1785.1795200000001,12183.264,33445.526399999995,1742.18688,10286.9568,6773.6736,3537.8380800000004,1201.6944,2606.29056,1577.91456,3343.99968,5192.96832
2014-11-01,3095.97984,9873.9648,1776.06432,1776.06432,12024.72,44846.006400000006,1201.83264,10088.3232,6778.00224,3560.16384,814.549824,1740.76992,1586.0275199999999,3334.2624,5173.9344
2014-12-01,2883.67776,9173.3472,1647.0432,1647.0432,11088.2304,41832.8928,1039.53024,9316.7712,6289.678080000001,3333.89952,699.5868479999999,1502.3232,1465.03296,3042.7488,4792.54752
2015-01-01,2772.6278399999997,8796.0384,1577.80224,1577.80224,10579.248,36662.8896,952.1366399999999,8900.7552,6023.38464,3221.13888,660.61008,1433.68704,1397.55456,2867.616,4574.87136
2015-02-01,2941.19424,9305.712,1667.7100799999998,1667.7100799999998,11147.6736,35845.3728,959.2128,9390.4704,6364.53504,3430.3824000000004,692.378496,1516.57056,1472.78304,2984.31648,4818.07008
2015-03-01,4379.192639999999,13278.383999999998,2088.64224,2088.64224,15039.9936,117454.752,34338.7296,16067.9808,8899.199999999999,4510.58112,19414.512,24024.470400000002,2138.20128,4785.41952,6105.291840000001
2015-04-01,4578.336,16228.8576,2751.67584,2751.67584,20657.808,103373.28,2735.8300799999997,17122.4928,11650.608,5643.46656,1269.1987199999999,2518.93152,2687.01408,6162.67008,7928.7638400000005
2015-05-01,4168.96416,14688.9504,2492.08704,2492.08704,18551.4624,75519.648,2283.0681600000003,15396.3936,10519.9776,5127.7104,1132.37568,2261.50272,2413.40256,5424.5808,7147.4227200000005
2015-06-01,4054.8297599999996,14202.2592,2411.32896,2411.32896,17797.8816,64427.961599999995,2038.8499199999999,14778.720000000001,10147.5072,4975.8624,1079.42112,2168.86464,2314.27584,5099.23296,6887.13408
2015-07-01,4971.1276800000005,16280.4384,2662.55424,2662.55424,19529.6832,52436.7648,26713.670400000003,20557.8432,11309.328000000001,5547.968639999999,13292.467200000001,15571.2672,2559.83328,5748.321599999999,7241.417280000001
2015-08-01,9121.5936,26899.1712,4055.93568,4055.93568,29681.9424,44790.019199999995,72145.4688,41157.4176,17777.4912,8696.4192,33368.7168,35104.8384,4243.35456,10445.5872,10617.7824
2015-09-01,9652.3488,31796.3232,5280.06816,5280.06816,39000.7008,40067.6544,23770.1088,32022.1728,22143.974400000003,10741.939199999999,13287.2832,14173.488,5148.1008,12698.035199999998,13915.0656
2015-10-01,9500.8032,31563.216,5172.96672,5172.96672,38577.4272,35460.6336,16515.1872,32953.2192,22062.326399999998,10631.3472,8371.48608,10953.1008,5206.61088,12726.8928,14178.3264
2015-11-01,8774.0928,30640.2912,5242.57056,5242.57056,38930.6304,58224.7008,6329.30112,30158.784,21866.1984,10481.0976,3328.344,5102.7667200000005,5039.6688,11955.4272,14461.8048
2015-12-01,8067.548159999999,28103.1552,4808.16,4808.16,35405.7696,211029.40800000002,4992.28704,27492.6528,20035.6416,9700.6464,2401.4707200000003,4114.514880000001,4578.57792,10647.2448,13275.8784
2016-01-01,7692.390719999999,26640.144000000004,4555.77696,4555.77696,33307.7184,113063.90400000001,4423.705919999999,25926.6528,18947.7792,9261.1296,2188.2527999999998,3874.06368,4305.76992,9833.5296,12507.3504
2016-02-01,7818.102720000001,26923.2768,4601.9664,4601.9664,33461.3376,99550.07999999999,4179.72096,26107.3152,19105.1136,9410.5152,2185.97184,3913.89408,4325.76288,9705.6576,12561.1776
2016-03-01,6933.41856,23731.056,4052.0304,4052.0304,29262.4704,77128.416,3558.15936,23005.8144,16797.628800000002,8318.35872,1973.22912,3507.39072,3792.28608,8355.54528,10997.424
2016-04-01,7832.367359999999,25156.3104,4145.9039999999995,4145.9039999999995,30343.68,71170.9632,14596.329600000001,26736.5664,17323.8912,8694.3456,7942.397760000001,9423.1296,4049.42976,8907.408000000001,11271.398399999998
2016-05-01,7219.93824,23728.464,4030.48224,4030.48224,38008.0512,57071.0016,7666.0041599999995,53538.1056,16508.5344,8245.679039999999,4620.3264,5883.710400000001,3843.35712,8384.3856,10955.2608
2016-06-01,7362.56736,23936.515199999998,4077.82944,4077.82944,51754.2912,49908.0096,8483.06304,63000.9792,16573.9392,8250.23232,4990.29984,6583.7318399999995,3824.86752,8238.931199999999,11190.528
2016-07-01,6856.45344,22231.324800000002,3842.2598399999997,3842.2598399999997,53636.4288,41453.2512,5176.96704,43365.8016,15374.88,7620.67872,3222.03744,4589.96544,3502.90656,7432.905599999999,10737.7056
2016-08-01,6716.71008,21403.094399999998,3693.45312,3693.45312,51191.9136,55305.849599999994,5808.29184,39505.7952,14686.4448,7290.06048,3599.74368,4497.96672,3325.25952,6952.132799999999,10555.8336
2016-09-01,6582.86784,21006.5184,3653.36352,3653.36352,49267.9584,125781.12,3405.4991999999997,37755.3312,14423.7024,7178.66496,2309.8089600000003,3509.6976,3241.5206399999997,6677.26848,10524.5568
2016-10-01,6052.48416,19294.1568,3361.0031999999997,3361.0031999999997,44255.2032,305498.304,2416.46112,33892.3008,13241.7504,6621.125760000001,1698.68448,2983.45248,2950.6118400000005,5985.06624,9665.0496
2016-11-01,5948.50176,18933.696,3301.97472,3301.97472,42670.9728,139605.12,2050.58304,32699.289600000004,12985.2288,6540.367679999999,1478.8742399999999,2624.03712,2872.5753600000003,5741.029439999999,9447.408
2016-12-01,5505.5808,17457.12,3042.0575999999996,3042.0575999999996,40471.5744,120422.592,1790.92512,31192.559999999998,11951.539200000001,6075.87264,1331.17344,2391.28416,2632.0291199999997,5189.3568,8660.2176
2017-01-01,5260.09248,16619.9904,2893.52736,2893.52736,39661.92,97328.736,1618.4102400000002,28812.153599999998,11359.872000000001,5828.70816,1253.73312,2282.6016,2493.49536,4851.55008,8192.7072
2017-02-01,5548.962240000001,17471.8944,3038.92128,3038.92128,41211.7632,88722.432,1612.5004800000002,30037.6512,11922.9408,6166.3248,1305.08928,2401.93728,2611.16352,5012.39232,8561.49696
2017-03-01,4753.6416,14908.6656,2591.45568,2591.45568,34741.9584,66993.5232,1295.99136,25402.8096,10155.024,5284.29312,1101.0816,2042.4009600000002,2218.1040000000003,4195.4544,7268.06304
2017-04-01,4636.03392,14472.864,2515.32,2515.32,33297.0048,57957.6384,1176.75936,24417.676799999997,9836.8128,5145.4656,1055.14272,1969.2374399999999,2140.4736000000003,3982.70304,7025.598720000001
2017-05-01,12384.9216,29420.323200000003,3990.45312,3990.45312,54642.297600000005,47401.632,88880.544,173000.448,17035.3152,9279.8784,46130.9472,50125.4784,4707.45216,10428.7392,11412.4032
2017-06-01,15225.4944,42252.7968,6633.964800000001,6633.964800000001,89863.776,41955.3216,53764.300800000005,91871.71200000001,27027.3888,14181.5232,28028.332800000004,31783.104000000003,7080.402239999999,16935.5232,18724.9536
2017-07-01,13269.4848,40507.4304,6975.158399999999,6975.158399999999,90154.08,35183.8944,20535.8976,62365.7664,27237.9456,13964.6592,11986.012799999999,14620.5216,6582.807360000001,15393.455999999998,19773.936
2017-08-01,20167.574399999998,53975.9808,7760.51712,7760.51712,87385.824,30808.944,62400.326400000005,78227.424,33808.4064,17425.4976,30781.8144,35215.1712,8714.9088,21203.3376,22937.5584
2017-09-01,17548.5312,52155.53279999999,8819.452800000001,8819.452800000001,86742.144,28187.0496,23478.4224,58547.664,34607.0016,17404.9344,13416.8832,16530.048,8182.00224,19230.3072,25155.792
2017-10-01,14405.7312,45763.92,8243.19072,8243.19072,77862.2976,253244.448,9775.2096,52316.4096,31358.1888,15729.119999999999,5859.388800000001,8712.3168,7088.644800000001,16113.5136,23428.4832
2017-11-01,13507.2576,43781.990399999995,8034.396479999999,8034.396479999999,74445.0048,758976.48,6699.9312,50257.3248,30274.732799999998,15264.0288,3687.10272,6323.2704,6739.26912,14966.8128,22722.8544
2017-12-01,12401.078399999999,39985.3152,7333.96896,7333.96896,66995.7696,320441.184,5650.9056,45508.0896,27584.2368,14012.6112,3107.16864,5542.57728,6099.64128,13294.0224,20594.1312
2018-01-01,11792.908800000001,37793.2608,6921.192959999999,6921.192959999999,62407.411199999995,165872.448,5007.579839999999,42589.324799999995,26000.352,13304.4768,2888.80992,5233.90464,5720.38848,12248.496000000001,19283.5296
2018-02-01,12390.278400000001,39473.568,7217.78688,7217.78688,64340.352,147152.16,4901.99904,44121.801600000006,27083.376,13943.923200000001,2984.75712,5463.71136,5934.92832,12487.824,19962.8928
2018-03-01,10658.3904,33637.4208,6122.131200000001,6122.131200000001,54056.764800000004,113151.168,4378.1904,37833.5232,22979.0304,11886.9984,2786.2358400000003,4883.12928,5039.61696,10421.7408,16820.4384
2018-04-01,10405.756800000001,32614.876800000002,5926.132799999999,5926.132799999999,51871.7088,94408.416,4116.30336,36578.995200000005,22209.12,11518.243199999999,2775.5827200000003,4872.32928,4877.496,9911.0304,16162.675200000001
2018-05-01,9632.736,29750.112,5380.83648,5380.83648,46639.6704,75623.2416,4562.8704,33287.414399999994,20117.4624,10471.4208,3130.53984,4740.61248,4418.22816,8826.105599999999,14616.028800000002
2018-06-01,10839.657599999999,31696.271999999997,5505.5030400000005,5505.5030400000005,47145.369600000005,63801.0432,14064.796799999998,39280.032,20856.6144,10835.5968,8897.7312,11505.024,4608.8006399999995,9145.0944,15013.296
2018-07-01,10164.8736,30019.0752,5374.512000000001,5374.512000000001,45471.6288,51837.753600000004,8802.432,34499.001599999996,19854.288,10225.9584,5929.32096,7665.9696,4350.68064,8623.35072,14816.2176
2018-08-01,10077.9552,29314.396800000002,5242.1644799999995,5242.1644799999995,43621.9776,46155.4848,8586.22464,31834.6848,19236.441600000002,9945.590400000001,5797.93248,6906.9024,4228.64928,8329.51296,14823.648
2018-09-01,9574.5024,28458.0864,5195.26656,5195.26656,42478.3008,56391.638399999996,4105.56384,30188.5056,18883.584,9777.3696,3128.69952,4643.96544,4120.0012799999995,8037.03168,14816.6496
2018-10-01,8717.4144,26006.4864,4759.81056,4759.81056,38389.3344,59705.7696,2791.2297599999997,27245.2032,17289.072,8988.4512,2177.47872,3854.74464,3741.1977600000005,7195.54752,13557.456
2018-11-01,8521.536960000001,25424.927999999996,4661.496,4661.496,37140.336,63970.3008,2335.81536,26394.2496,16903.382400000002,8844.6816,1857.37536,3372.26976,3632.0313600000004,6886.73664,13200.4512
2018-12-01,7869.484799999999,23392.6272,4282.87392,4282.87392,33849.7056,51631.6032,2033.3030399999998,24183.705599999998,15523.142399999999,8189.44992,1662.6643199999999,3064.27968,3321.09504,6214.16448,12056.3424
2019-01-01,7508.99808,22241.8656,4065.8371199999997,4065.8371199999997,31926.700800000002,45151.9488,1836.39744,22849.0848,14732.8416,7834.1904,1561.91328,2914.4966400000003,3141.10656,5802.87456,11374.7328
2019-02-01,7913.14272,23355.388799999997,4262.60448,4262.60448,33257.0016,44023.5648,1831.34304,23881.6512,15442.272,8267.00256,1624.90752,3062.6726400000002,3284.08128,5988.0384,11857.536
2019-03-01,6773.09472,19909.4976,3629.61216,3629.61216,28106.2656,34878.7296,1473.38784,20248.1856,13136.428800000002,7068.60864,1370.25216,2601.7545600000003,2785.21632,5005.7136,10043.2224
2019-04-01,0.0,0.0,0.0,0.0,0.0,0.0,0.0,0.0,0.0,0.0,0.0,0.0,0.0,0.0,0.0
2019-05-01,0.0,0.0,0.0,0.0,0.0,0.0,0.0,0.0,0.0,0.0,0.0,0.0,0.0,0.0,0.0
2019-06-01,0.0,0.0,0.0,0.0,0.0,0.0,0.0,0.0,0.0,0.0,0.0,0.0,0.0,0.0,0.0
2019-07-01,0.0,0.0,0.0,0.0,0.0,0.0,0.0,0.0,0.0,0.0,0.0,0.0,0.0,0.0,0.0
2019-08-01,0.0,0.0,0.0,0.0,0.0,0.0,0.0,0.0,0.0,0.0,0.0,0.0,0.0,0.0,0.0
2019-09-01,0.0,0.0,0.0,0.0,0.0,0.0,0.0,0.0,0.0,0.0,0.0,0.0,0.0,0.0,0.0
2019-10-01,0.0,0.0,0.0,0.0,0.0,0.0,0.0,0.0,0.0,0.0,0.0,0.0,0.0,0.0,0.0
2019-11-01,0.0,0.0,0.0,0.0,0.0,0.0,0.0,0.0,0.0,0.0,0.0,0.0,0.0,0.0,0.0
2019-12-01,0.0,0.0,0.0,0.0,0.0,0.0,0.0,0.0,0.0,0.0,0.0,0.0,0.0,0.0,0.0
2020-01-01,0.0,0.0,0.0,0.0,0.0,0.0,0.0,0.0,0.0,0.0,0.0,0.0,0.0,0.0,0.0
2020-02-01,0.0,0.0,0.0,0.0,0.0,0.0,0.0,0.0,0.0,0.0,0.0,0.0,0.0,0.0,0.0
2020-03-01,0.0,0.0,0.0,0.0,0.0,0.0,0.0,0.0,0.0,0.0,0.0,0.0,0.0,0.0,0.0
2020-04-01,0.0,0.0,0.0,0.0,0.0,0.0,0.0,0.0,0.0,0.0,0.0,0.0,0.0,0.0,0.0
2020-05-01,0.0,0.0,0.0,0.0,0.0,0.0,0.0,0.0,0.0,0.0,0.0,0.0,0.0,0.0,0.0
2020-06-01,0.0,0.0,0.0,0.0,0.0,0.0,0.0,0.0,0.0,0.0,0.0,0.0,0.0,0.0,0.0
2020-07-01,0.0,0.0,0.0,0.0,0.0,0.0,0.0,0.0,0.0,0.0,0.0,0.0,0.0,0.0,0.0
2020-08-01,0.0,0.0,0.0,0.0,0.0,0.0,0.0,0.0,0.0,0.0,0.0,0.0,0.0,0.0,0.0
2020-09-01,0.0,0.0,0.0,0.0,0.0,0.0,0.0,0.0,0.0,0.0,0.0,0.0,0.0,0.0,0.0
2020-10-01,0.0,0.0,0.0,0.0,0.0,0.0,0.0,0.0,0.0,0.0,0.0,0.0,0.0,0.0,0.0
2020-11-01,0.0,0.0,0.0,0.0,0.0,0.0,0.0,0.0,0.0,0.0,0.0,0.0,0.0,0.0,0.0
2020-12-01,0.0,0.0,0.0,0.0,0.0,0.0,0.0,0.0,0.0,0.0,0.0,0.0,0.0,0.0,0.0
2021-01-01,0.0,0.0,0.0,0.0,0.0,0.0,0.0,0.0,0.0,0.0,0.0,0.0,0.0,0.0,0.0
2021-02-01,0.0,0.0,0.0,0.0,0.0,0.0,0.0,0.0,0.0,0.0,0.0,0.0,0.0,0.0,0.0
2021-03-01,0.0,0.0,0.0,0.0,0.0,0.0,0.0,0.0,0.0,0.0,0.0,0.0,0.0,0.0,0.0
2021-04-01,0.0,0.0,0.0,0.0,0.0,0.0,0.0,0.0,0.0,0.0,0.0,0.0,0.0,0.0,0.0
2021-05-01,0.0,0.0,0.0,0.0,0.0,0.0,0.0,0.0,0.0,0.0,0.0,0.0,0.0,0.0,0.0
2021-06-01,0.0,0.0,0.0,0.0,0.0,0.0,0.0,0.0,0.0,0.0,0.0,0.0,0.0,0.0,0.0
2021-07-01,0.0,0.0,0.0,0.0,0.0,0.0,0.0,0.0,0.0,0.0,0.0,0.0,0.0,0.0,0.0
2021-08-01,0.0,0.0,0.0,0.0,0.0,0.0,0.0,0.0,0.0,0.0,0.0,0.0,0.0,0.0,0.0
2021-09-01,0.0,0.0,0.0,0.0,0.0,0.0,0.0,0.0,0.0,0.0,0.0,0.0,0.0,0.0,0.0
2021-10-01,0.0,0.0,0.0,0.0,0.0,0.0,0.0,0.0,0.0,0.0,0.0,0.0,0.0,0.0,0.0
2021-11-01,0.0,0.0,0.0,0.0,0.0,0.0,0.0,0.0,0.0,0.0,0.0,0.0,0.0,0.0,0.0
2021-12-01,0.0,0.0,0.0,0.0,0.0,0.0,0.0,0.0,0.0,0.0,0.0,0.0,0.0,0.0,0.0
2022-01-01,0.0,0.0,0.0,0.0,0.0,0.0,0.0,0.0,0.0,0.0,0.0,0.0,0.0,0.0,0.0
2022-02-01,0.0,0.0,0.0,0.0,0.0,0.0,0.0,0.0,0.0,0.0,0.0,0.0,0.0,0.0,0.0
2022-03-01,0.0,0.0,0.0,0.0,0.0,0.0,0.0,0.0,0.0,0.0,0.0,0.0,0.0,0.0,0.0
