Recorder,EntregaLagunaGrande,EntregaLagunaChica,EvapLagunaChica,EntradaLagunaChica ,LagunaChicaStorage,EvapLagunaGrande,EntradaLagunaGrande,LagunaGrandeStorage,EvapSantaJuana,EntradaSantaJuana,rStaJuanaAbajo,SantaJuanaStorage
,0,0,0,0,0,0,0,0,0,0,0,0
1994-04,0.0,0.0,0.001023075085713761,0.0005911031220911336,3498880.3286702903,0.0020826345368796027,0.0011739938171629858,6997644.803254494,0.0,5.803700100000001,6.246498099999999,0.0
1994-05,0.0,0.0,0.0006611682874036773,0.0003388468370053192,3498017.0228975434,0.0014117693576541298,0.0006729748004127826,6995666.015912379,0.0,4.3675348000000005,4.7696496,0.0
1994-06,1.5131817707845466e-05,0.0,0.0007301279983157454,0.0013770196138658695,3499693.765965049,0.0010475703042001883,0.0027347638841074403,7000000.0,0.0,3.8087522718177076,4.188439100000001,35770.04535149841
1994-07,0.017382286622569458,0.00873319940040017,0.0007971939261785234,0.009644728017047199,3500000.0,0.0017748475923206042,0.019157134214890063,7000000.0,2.8471308147261226e-05,3.4228248910229695,3.7537691000000004,123530.8203956763
1994-08,0.008484413929968692,0.004271882432257939,0.0,0.004271882432257939,3500000.0,0.0,0.008484413929968692,7000000.0,0.00012704895298894394,3.3815455242532892,3.7702398000000006,0.0
1994-09,0.0,5.3855081493506366e-05,0.002093048086203868,0.002146903167697374,3500000.0,0.008272459883141023,0.004263978569437762,6989610.016434881,0.0,3.8787382999999998,4.202388200000001,0.0
1994-10,0.0,0.0,0.005736672892216205,0.0033518982945028907,3493612.619717485,0.011108681034101283,0.006647346142316503,6977660.777060725,0.0,3.7258828,4.0075309,0.0
1994-11,0.0,0.0,0.003988287214022869,0.0013989450559263369,3486901.0448436984,0.008276584834149172,0.0027746507342455958,6963399.763873775,0.0,4.1871343,4.4457503,0.0
1994-12,0.0,0.0,0.001739548437616093,0.0011158215356052784,3485230.4547093525,0.0036925780845327785,0.002212834866313562,6959436.419638096,0.0,4.4854590000000005,4.698825899999999,0.0
1995-01,0.0,0.0,0.0031389013249363195,0.003682676087677009,3486686.901033877,0.006151895584056768,0.007302619187255637,6962518.517736904,0.0,4.6077959,4.7945199,0.0
1995-02,0.0,0.0,0.0036338164037688523,0.0025385421989669505,3484037.21367762,0.007252786656616608,0.005033966964046972,6957150.74913664,0.0,4.214222500000001,4.428229900000001,0.0
1995-03,0.0,0.0,0.0006718287931820549,0.00045042805044778316,3483444.2139282804,0.001719010367251575,0.0008931956883089088,6954938.88710056,0.0,3.4181821,3.6106088000000005,0.0
1995-04,0.0,0.0,0.0010796051450575738,0.0006806601595702835,3482410.1485258974,0.0021918905174348265,0.001349544937491911,6952755.527357347,0.0,2.9952229000000004,3.1823132999999997,0.0
1995-05,0.0,0.0,0.0017867105764425109,0.0022832028737140215,3483739.953494909,0.003173930659320521,0.004526829135619873,6956379.130636267,0.0,2.5170865,2.685224,0.0
1995-06,0.0,0.0,0.0018981710284590807,0.0010600473917446414,3481567.5370285455,0.004058306277719523,0.002102012802669546,6951308.417948938,0.0,2.3537816999999994,2.5157989000000005,0.0
1995-07,0.0,0.0,0.000776045815040212,0.001531229969145302,3483590.222266901,0.0024868799667307,0.003036020606622716,6952779.236238825,0.0,2.1074954,2.2539128999999996,0.0
1995-08,0.0,0.0,0.0022225484502352544,0.0010813277393362456,3480533.576714829,0.004313102774640193,0.002143192999212625,6946967.34989632,0.0,1.9762476900000001,2.1131930899999998,0.0
1995-09,0.005383503566729932,0.005548535781967325,0.00014378773990685544,0.013202517690535803,3500000.0,0.00032486423753678203,0.026168495159081474,7000000.0,0.0,2.01704362,2.1501903199999997,0.0
1995-10,0.0,0.0,0.003520997558764182,0.0007190622387174983,3492495.296438787,0.011121409683013802,0.0014281342643281912,6974037.531118592,0.0,1.86270603,1.9772667299999998,0.0
1995-11,0.0,0.0,0.004480982375444476,0.001211293335477845,3484020.2624471937,0.007292828042948387,0.00240198526505372,6961360.466638289,0.0,1.8284189400000004,1.93664964,0.0
1995-12,0.009441213802395614,0.005655656384884457,0.0037073715986588483,0.015329178503557594,3500000.0,0.006548632748596535,0.03041619562570489,7000000.0,0.0,2.0448766000000003,2.1365165000000004,0.0
1996-01,0.0,0.0,0.008185987387501014,0.004284168914698939,3489549.369402447,0.018868593558195517,0.008508816193941495,6972252.372307582,0.0,2.16919698,2.24587718,0.0
1996-02,0.0,0.0,0.0013978261091486454,0.00020254145093458078,3486554.4641628256,0.0035668448884717038,0.00040187429587295166,6964322.221990766,0.0,2.20806659,2.29080309,0.0
1996-03,0.0,0.0,0.0019422017193903704,0.0018213005400321612,3486230.6424440327,0.004469887625445444,0.003612738938990195,6962026.434948964,0.0,1.8952283499999996,1.9758319500000006,0.0
1996-04,0.0,0.0,0.0036818223678409872,0.006370838416857294,3493200.572043083,0.007068322113661743,0.012634227802639893,6976453.262494795,0.0,1.8548005399999998,1.93045714,0.0
1996-05,0.0,0.0,0.0010775195499672316,0.00012160102995998759,3490640.239879096,0.0028960122876263063,0.0002411687213158609,6969342.529486789,0.0,1.62363691,1.70046201,0.0
1996-06,0.0,0.0,0.0003357719976820259,0.0037131581027613153,3499394.4246634613,0.0007697042855228907,0.0073621171037055394,6986430.063511519,0.0,1.5679666200000002,1.6422340199999996,0.0
1996-07,0.0,0.0,0.0006763549547469657,0.00027298959147800477,3498314.050874482,0.0022517862763695566,0.0005412290137828002,6981848.5069394065,0.0,1.4559723499999997,1.52316275,0.0
1996-08,0.008819625186492031,0.007378533355312702,0.000260332836682914,0.008268327484378417,3500000.0,0.0007904743613809294,0.016387090684593947,7000000.0,0.0,1.4340923400000003,1.5011427400000001,0.0
1996-09,0.0,0.0,0.0032387316933590914,0.002672027149160837,3498531.101821438,0.009388516261222932,0.005306930779368853,6989420.530431034,0.0,1.5595695600000004,1.6291523600000002,0.0
1996-10,0.0,0.0,0.0023249905647192847,0.0004744335937642294,3493574.5700304317,0.007125417194571917,0.0009412466121876587,6972856.847943176,0.0,1.5524630700000002,1.6120360699999996,0.0
1996-11,0.0,0.0,0.0012736184480806986,0.000826355646662871,3492415.2648491566,0.0031544122273482245,0.00163787325565346,6968925.978928543,0.0,1.8676425100000005,1.91612771,0.0
1996-12,0.0,0.0,0.0007754399979279953,0.0008939701883085439,3492732.736111072,0.0025505528970231135,0.0017714772163484273,6966839.302625423,0.0,1.9933512599999998,2.0319850600000002,0.0
1997-01,0.0,0.0005051428538170674,0.0037458469286427436,0.006964275284598441,3500000.0,0.009275859570858866,0.01379491182726729,6978943.132188988,0.0,2.0273925599999996,2.0566662600000005,0.0
1997-02,0.0,0.0,0.0020985965675290983,0.0013178634051387009,3498111.2503335453,0.005097667381277994,0.0026095437027271605,6972923.8633858375,0.0,2.15345313,2.1930080299999997,0.0
1997-03,0.0,0.0015990189025344682,0.004169251571174426,0.006473448813932437,3500000.0,0.011693049910575728,0.012814143559606073,6975926.600615401,0.0,1.80775061,1.8316063100000002,0.0
1997-04,0.0,0.0,0.0006652331666254128,0.00022595218085811824,3498861.3836848913,0.0016293649795572334,0.0004472217907844318,6972862.485470102,0.0,1.76887152,1.8020348199999996,0.0
1997-05,0.009652019774061882,0.009589361942016915,9.676883844978335e-05,0.010111241411854365,3500000.0,0.00022665259156168395,0.02001065957063321,7000000.0,0.0,1.6203436200000003,1.65442682,0.0
1997-06,0.06787165070567815,0.03417321628707989,5.26327952414889e-18,0.03417321628707989,3500000.0,-1.052655904829778e-17,0.06787165070567815,7000000.0,0.0,2.566989696992758,2.6013280000000005,135165.01620522846
1997-07,0.01186792037361573,0.00597546995820284,-6.015764018617051e-17,0.005975469958202779,3500000.0,-2.631639762074445e-18,0.011867920373615727,7000000.0,0.00010758512574676983,2.845213849331819,2.9873149000000003,131678.71489477248
1997-08,0.048504663332233154,0.02442198375537205,2.618481563264073e-16,0.024421983755372315,3500000.0,-6.105404248012712e-16,0.048504663332232544,7000000.0,0.00013542889786309598,13.899429500087606,3.125670000000003,29970329.823969375
1997-09,0.022648409434902934,0.011403420811637064,2.611902463858887e-16,0.011403420811637326,3500000.0,8.947575191053113e-16,0.02264840943490383,7000000.0,0.037524721908274584,10.559693130246536,3.4482219999999963,49992644.41838217
1997-10,0.017232651205129807,0.008676599297495726,-1.2895034834164782e-16,0.008676599297495598,3500000.0,1.3079249617509993e-15,0.017232651205131115,7000000.0,0.07734818678959346,6.795790203502624,3.5725379000000004,60041910.465386346
1997-11,0.0005862942740694166,0.0013751314277275575,1.983105038208224e-15,0.0013751314277295405,3500000.0,0.002144863342269632,0.0027311576163390485,7000000.0,0.10685762153326868,22.831933125701788,2.9289254999999956,112852264.55619116
1997-12,0.0,0.0,0.007555975107035014,0.0011784554756428785,3482918.4514192794,0.01730886622956957,0.002340538208142476,6959908.8302274095,0.2402067236966333,63.430468053,42.409806093711666,169880000.0
1998-01,0.0,0.0,0.007048197645657034,0.0003381410241095975,3464946.2357641268,0.0064428123860254755,0.0006710125905234822,6944449.641655137,0.3874185016078432,33.781360052999986,33.86019155139214,169880000.0
1998-02,0.0,0.0,0.0059666910381352125,0.004636402279094449,3461728.0011982555,0.009425694483078877,0.009227732665366875,6943970.732425728,0.3403205661182622,16.151144718999998,16.28042715288173,169880000.0
1998-03,0.0,0.0,0.0054136923726577435,0.002729422564374898,3454538.4529437507,0.008491418265610912,0.005436986806109762,6935789.7432046,0.29929978359507886,10.806899053,10.890023269404923,169880000.0
1998-04,0.0,0.0,0.002699885205297921,0.005015983240828204,3460541.779051845,0.005045605749667661,0.010000795010748107,6948633.59376932,0.18687245371672437,8.045108,8.211157546283278,169880000.0
1998-05,0.0,0.0,0.0022066982114552574,0.0025722370931334695,3461520.838392532,0.00527930423293626,0.005129072906668016,6948231.214185043,0.13521665350234527,6.161688053000001,6.3415333994976555,169880000.0
1998-06,0.0,0.0,0.0003585591742599566,0.008730471649310243,3483220.8355278624,0.0013547210407972021,0.017402737872179507,6989827.673811986,0.11698519460315264,5.65475564,5.866383445396848,169880000.0
1998-07,0.0022916818272877195,0.0,-1.973729821555834e-18,0.0030558376069128495,3491405.5909742177,-2.500057773970723e-17,0.0060895933371495105,7000000.0,0.13521665350234527,5.043017757827288,5.241422899999999,169862716.8320639
1998-08,0.0015901451689873099,0.0,-2.105311809659556e-17,0.0007986683536462769,3493544.744292624,-7.105427357601002e-17,0.0015901451689872388,7000000.0,0.1747003723948921,4.380699145168987,4.7103914,169355777.06250206
1998-09,0.0,0.0,0.00026404605708900603,0.001205005735885492,3495983.7117800643,0.004075571058644448,0.002397692059857832,6995650.937635145,0.21204399401529359,4.080647636999999,4.472989600000001,168584613.10991842
1998-10,0.0,0.0,0.006548508730974625,0.0030611262157670908,3486643.1064513326,0.013382628272690074,0.006082925931679777,6976099.414884984,0.2608326544111087,4.146263053,4.6472992,167261931.3346189
1998-11,0.0,0.0,0.0026423637705523823,0.0005491563174149679,3481217.5127328006,0.004556327082989145,0.0010911230005951115,6967117.605903418,0.29767893821070257,4.55218346,5.3450851,165083737.45189676
1998-12,0.0,0.0,0.0032638100960527858,0.003926414052968204,3482992.2311710026,0.006733172204035664,0.0078035216240518466,6969984.429789989,0.35138172782674437,4.660467588,5.5300327,162368078.6585048
1999-01,0.0,0.0,0.004077012974388521,0.002286139661131077,3478195.556088774,0.006979395987377867,0.0045431243187606515,6963459.119752765,0.3702872483095264,4.1104811759999995,4.844900400000001,159901801.31667098
1999-02,0.0,0.0,0.004266247286132484,0.0057152411045944705,3481700.9619343975,0.009391165185777057,0.011362611335791405,6968228.44227888,0.3203312429209993,4.333563877,5.011276700000001,158011643.9091949
1999-03,0.0,0.0,0.004709135447925788,0.0040896128904833245,3480041.6327165435,0.009042208196674256,0.008128037044173135,6965779.926264021,0.2783897505740799,4.089462537000001,4.389663199999999,156963167.85459808
1999-04,0.0,0.0,0.002044529900416451,0.0071303181965138,3493223.995980028,0.004304891500860679,0.014173162997992022,6991358.485984585,0.17266359971826475,3.9378030499999994,4.0688019,156659300.04892832
1999-05,0.0,0.0,0.0014070333198122804,0.0005062321721166538,3490811.29018604,0.0053837527626426325,0.0010061377396984345,6979633.481907131,0.124693585428749,3.4382159760000004,3.4949616999999993,156628307.98943436
1999-06,0.0,0.0,0.0016254491916310031,0.004292722188415939,3497724.8617937067,0.0037013460692601158,0.008523374864108698,6992132.180543379,0.107859624973549,3.2841692999999994,3.3286832000000004,156673936.45590293
1999-07,0.0010744126155328385,0.001171511338305676,1.516482412895399e-16,0.0020209506327701875,3500000.0,-1.0131813083986614e-16,0.004011919879802851,7000000.0,0.12470523533439068,2.7081399769538383,3.0423690999999997,155640207.01601645
1999-08,0.0,0.0,0.001525207778177304,0.0012133853533422845,3499164.814817322,0.005955729315936292,0.002409912669079665,6990502.884693059,0.16007280839737292,1.2270370530000012,3.055027399999999,150487165.87980014
1999-09,0.0,0.0006085154269385338,0.0027638333368337794,0.0036945652694351403,3500000.0,0.009078437402079505,0.007329594097521244,6985969.882847644,0.18841931615606022,1.2188336154269388,3.204109400000001,145016928.46671027
1999-10,0.013715210718069085,0.011172938195792351,0.0037984683775366354,0.014971406573328986,3500000.0,0.010721755614723487,0.029675211984060347,7000000.0,0.22436893669445163,1.1607179019138625,3.3177018999999994,138806072.59019393
1999-11,6.000138657529735e-16,0.0,0.004969853588418426,0.002807505678446634,3494395.194217353,0.015524622993654752,0.005576005581709922,6974213.183668237,0.24703555660363546,1.2130340000000033,2.341523900000002,135393462.3506773
1999-12,-8.421247238638224e-17,0.0,0.004122001456772602,0.0011285579123812017,3486377.5550280553,0.005463458740999179,0.002236761144663795,6965570.796826213,0.28818579874404,1.9946963530000017,2.4834574000000016,133436843.35263649
2000-01,0.0,0.0,0.004113391910391366,0.002136038973744366,3481081.41292254,0.006904925876442922,0.004238030003580524,6958427.782920338,0.3043083465443779,2.795867053,2.4563918,133628075.50528723
2000-02,0.0,0.0,0.0012069238653910294,0.0009962974726657966,3480553.667432928,0.002550461468025147,0.00197769143837887,6956992.6503340565,0.26769709386186274,2.285090517,2.3710483,132811926.72582215
2000-03,0.0,0.0,0.0007918380542510769,0.0005643881785497434,3479944.4656858495,0.0019239287671971124,0.001120272510702964,6954840.137416663,0.2339921175411116,1.613308753,2.2120007,130622907.73055524
2000-04,0.0,0.0,0.003001492513890638,0.0038056766673542604,3482028.9110116274,0.006105878719407385,0.007552996559918618,6958591.066859268,0.1436886230234409,1.5009870999999997,2.0636183999999997,128803412.05807848
2000-05,0.0,0.0012864771437784855,0.0005454474320273209,0.008541560548167139,3500000.0,0.0017084151122951819,0.016951132833166606,6999417.162002849,0.10252158192946195,1.3968067301437788,2.9513639,124410501.92289571
2000-06,0.025522524198714366,0.012964826962092394,0.0,0.012964826962092394,3500000.0,0.0,0.025747384537121235,7000000.0,0.08567333869864523,1.6126511511608064,2.8496804,121196985.45599763
2000-07,0.014466358998399919,0.007283777686248412,6.20059824238221e-11,0.007283777748254396,3500000.0,1.2315049146612487e-10,0.014466359121550408,7000000.0,0.09646721678792332,1.7359246896846485,3.0695460999999993,117793334.65956423
2000-08,0.003840136175091756,0.001933499520327293,0.0,0.001933499520327293,3500000.0,0.0,0.003840136175091756,7000000.0,0.12114806482818215,1.6057888886954188,3.2006397000000004,113709152.64573023
2000-09,0.0033873202835819124,0.0017055077853701498,0.0,0.0017055077853701498,3500000.0,0.0,0.0033873202835819124,7000000.0,0.1423709500869099,1.6177869280689525,3.3392386999999992,109367110.13425969
2000-10,0.0,0.0,0.00447228484629087,0.00024107330832962657,3488667.123016725,0.012610751210293425,0.0004787972908361211,6967505.774622126,0.16921184629697802,2.6565396530000003,3.4870717,107130807.12405306
2000-11,0.0,0.0,0.006272754134856198,0.003147056239962697,3480565.3140731608,0.012884865616473054,0.006241584719954812,6950286.390538351,0.1906625414395365,5.1135626,2.4428552000000003,113950198.05344178
2000-12,0.0,0.0,0.0019339487177059472,0.0009155200714816766,3477837.554787114,0.005250376284699365,0.0018154878354876554,6941086.385315982,0.24254368174748425,10.782204053,2.5819923,135610244.9482845
2001-01,0.0,0.0,0.0034770378521174865,0.002683223670164696,3475711.4028821713,0.007771530936504446,0.005317990949506281,6934514.823814806,0.309264880507046,8.457145053,6.3745715,140752964.91588965
2001-02,0.0,0.0,0.006280120569718755,0.007075297848641041,3477635.09575534,0.012505984619784416,0.014018116342754315,6938172.972879014,0.2819703832293352,7.891472719,8.2467226,139475796.02066603
2001-03,0.0,0.00168346969486232,0.0035231113973382545,0.013556679749854373,3500000.0,0.00910947920647335,0.026858825056562948,6985712.820803894,0.24573272642887156,7.353813522694861,7.475709500000001,138752513.64298487
2001-04,0.0,0.0,0.00519133461721746,0.0024793882231760847,3492970.634946645,0.012234564468587344,0.00491427865315884,6966738.639970303,0.15263140265968836,5.867427,5.820595300000001,138798747.91769096
2001-05,0.0,0.002260359635203798,0.0007438839057927005,0.005628707793294597,3500000.0,0.001403381693717488,0.011148484844308425,6992839.924248845,0.11047740878117368,4.874333923635205,4.8543559,138874355.439716
2001-06,0.0,0.0012514671676289416,0.0,0.0012514671676289416,3500000.0,0.0015674938537921389,0.002483004825485365,6995212.928687474,0.09563364431659152,4.4148329071676295,4.4019683,138969569.8714259
2001-07,0.007307852352862207,0.004873262151189502,0.0,0.004873262151189502,3500000.0,0.0005770591072084288,0.009672199136491724,7000000.0,0.11061337518645252,3.8289754315040505,3.8970133000000002,138782980.89330694
2001-08,0.011073648107713609,0.0065075197340845724,0.0,0.0065075197340845724,3500000.0,0.0018509798418974196,0.012924627949611028,7000000.0,0.14273549190964818,3.736471219841799,3.8393128,138425581.1646004
2001-09,0.00787323517745951,0.005018569705113336,6.20059824238221e-11,0.005018569767119318,3500000.0,0.002094179402852586,0.009967414580312096,7000000.0,0.17331745992460215,3.5965090348825726,3.921345900000001,137470436.09809145
2001-10,4.88275733433241e-05,0.002751685306675167,0.0009739479318573139,0.003725633238532481,3500000.0,0.007350677223012161,0.0073995047963554845,7000000.0,0.21269306901181426,4.0211795018800185,4.5190395,135855917.02196565
2001-11,0.0,0.0,0.006768085116308727,0.0009519852753535176,3484924.669212244,0.01315172681235631,0.001890744246691565,6970811.533189797,0.24178511395898078,4.581982989999999,5.182554699999999,133913220.99506398
2001-12,0.0,0.0,0.008090932350486814,0.01052213165812299,3491436.3934378168,0.01477108805668401,0.020900960223466415,6987229.782801307,0.2850350961178193,5.907429053,6.455621,131810757.23157722
2002-01,0.0,0.0,0.003946252299349156,0.0018657174464636645,3485863.8888878482,0.010291684753693431,0.0037078258227694815,6969595.57504072,0.3005999885946128,4.868001612,5.478873700000001,129496919.4072262
2002-02,0.0,0.0,0.001439305350881837,0.0007229681911998755,3484130.9260311457,0.003395631261438498,0.001435452755466394,6964853.511199073,0.25942114977182834,4.7236779769999995,5.2186979,127858208.7927766
2002-03,0.0,0.0,0.0010340831345881265,0.0005973179663537821,3482961.094204547,0.002018888666308572,0.0011857568950001225,6962622.0510628,0.22526450566595507,3.8706503760000004,4.1933849,126587623.42883931
2002-04,0.0,0.0,0.002743612294268357,0.0041901550516035965,3486710.53303156,0.005641942432003017,0.008318152008927389,6969558.786286188,0.13924970449915178,3.7931307700000008,3.8254687,126384992.18421751
2002-05,0.0440845652752344,0.023218419507291727,0.0011532871698890195,0.02933342522871897,3500000.0,0.002777029909227268,0.05822704235957058,7000000.0,0.10059663112826674,5.449610836782527,5.160018299999999,127287516.30912188
2002-06,0.0028815886881671787,0.001450873118117658,0.0,0.001450873118117658,3500000.0,0.0,0.0028815886881671787,7000000.0,0.0876545494818377,5.6933188918062845,5.6039431,127994339.78522685
2002-07,0.03284328558078868,0.016536516941332135,0.0,0.016536516941332135,3500000.0,0.0,0.03284328558078868,7000000.0,0.10187759767483202,7.443103655522119,6.4377271,131301325.33312503
2002-08,0.016176374470637623,0.008144766449295298,6.20059824238221e-11,0.008144766511301282,3500000.0,1.2315049146612487e-10,0.016176374593788116,7000000.0,0.13504076032363266,10.155293693919932,5.746923299999999,144020646.87014934
2002-09,0.001621021271541074,0.0008161803925846759,0.0,0.0008161803925846759,3500000.0,0.0,0.001621021271541074,7000000.0,0.1803228310997747,9.770468801664126,6.466673400000001,153542881.34105214
2002-10,0.0007987126376568515,0.0011476631741866143,0.0,0.0011476631741866087,3500000.0,0.0014806687770686114,0.002279381414725462,7000000.0,0.23756021719493628,22.09033992881185,16.248533372404,169880000.0
2002-11,0.0,0.0,0.008701247552521683,0.0001958791232514969,3477954.0850313315,0.018469733376983554,0.0003890368211811095,6953134.83452736,0.30233836007827763,34.397560000000006,34.56002663992171,169880000.0
2002-12,0.0,0.0,0.007534439490187372,0.0038580691062803352,3468107.294595075,0.011355280004564232,0.007659481478719942,6943236.007755739,0.36159060150065364,37.306834053,37.35581845149935,169880000.0
2003-01,0.0,0.0,0.00315403687759083,0.0009398182406723705,3462176.7313979524,0.005355238710691559,0.0018684687268516742,6933897.043031022,0.3874185016078432,26.022950053000002,26.010152551392157,169880000.0
2003-02,0.0,0.0,0.0021678340434764494,0.0005610400111197573,3458289.575274875,0.0032995375899257406,0.0011158210519606707,6928614.195982377,0.3403205661182622,14.918737719000005,14.955266152881741,169880000.0
2003-03,0.0,0.0,0.0020314781393958497,0.00030527404034090934,3453666.110215966,0.0024553885101315657,0.0006073617801062708,6923664.441188677,0.29929978359507886,10.173782053,10.180286269404922,169880000.0
2003-04,0.0,0.0,0.0014354944723870646,0.0010573017780084505,3452685.834752137,0.0028294974623146087,0.0021048792448288473,6921786.230768954,0.18687245371672437,7.59621,7.689443546283275,169880000.0
2003-05,0.0,0.0,0.0004891777003270547,0.008611893465542341,3474441.7166576893,0.0008945425606999188,0.017144796282593234,6965310.9103376735,0.13521665350234527,6.536784053,6.655678399497655,169880000.0
2003-06,0.0,0.0,0.0,0.0004964361635225628,3475728.47919354,0.0003202910638567746,0.0009883060352950744,6967042.405143642,0.11698519460315264,5.942953620000001,6.079152425396849,169880000.0
2003-07,0.0,0.0,0.0,0.0057391386985764185,3491100.188283807,0.0001901671701855032,0.011424097286180655,6997131.363566323,0.13521665350234527,5.226924395,5.3802341,169721858.26858732
2003-08,0.0,0.0,0.0,0.0013755281451819723,3494784.4028678625,0.0018837233414888631,0.0027377876295408307,6999418.889355442,0.17455550220823016,4.817205923,5.052928,169194278.877236
2003-09,0.0,0.0,0.00024992556960113147,0.0008895398792623028,3496442.2831585044,0.005683719594500878,0.0017692107929907102,6989272.482541927,0.2118417882162118,4.611649450000001,4.8968531,168436045.16537958
2003-10,0.0,0.0,0.008227636904783108,0.0009833143299996887,3477039.0895742043,0.011252260076887666,0.0019519583093602613,6964362.554287782,0.26060279137307923,5.656763053,6.015831099999999,167196286.55508113
2003-11,0.0,0.0,0.004090033658099937,0.0009132072696475388,3468804.7555753356,0.00621132553977252,0.0018164093112503009,6952970.931423453,0.2975621090666412,5.8703829999999995,6.3555841000000015,165544583.2611804
2003-12,0.0,0.0,0.0014676850918870314,0.0003953562353936558,3465932.629966104,0.0025787455214970538,0.0007869582838929981,6948171.808486254,0.3523626409029036,4.663583318,5.4236018999999995,162904987.32335725
2004-01,0.0,0.0,0.004054938263095633,0.0038028056156144004,3465257.31788309,0.008998950045369741,0.007570544549242078,6944345.967205426,0.37151169115410726,4.304119823999999,4.941842,160498812.2199717
2004-02,0.0,0.0,0.002753651373399508,0.0036190501767283455,3467425.661124711,0.007100662448520475,0.0072021643114799395,6944600.290273257,0.32152723473045347,4.442546060999999,5.003650399999999,158623176.25123265
2004-03,0.0,0.0,0.00108361474842968,0.0028636619666986005,3472193.3395941225,0.0016876958743271848,0.005695533460085094,6955334.88246295,0.2794671669717329,4.085420689,4.4477836,157238819.28975317
2004-04,0.0,0.0,0.0029606813725385215,0.002265611989598614,3470391.7197535424,0.006425434094808611,0.004506841040898313,6950361.889267215,0.17296682352364484,3.89019801,3.9962747000000007,156841160.0578999
2004-05,0.0,0.0,0.0018386859616904563,0.0014310672060023916,3469299.9536783076,0.003443928254722784,0.002846174412081152,6948760.865375083,0.12483833761746481,3.374389076,3.3787945999999995,156809041.59142366
2004-06,0.0,0.0,0.0015933462606434066,0.0014109580070427593,3468827.2033249745,0.003466984263579068,0.002806416758672942,6947048.674402366,0.1079840843307426,3.1984962299999995,3.2336857,156737505.87939838
2004-07,0.000335357421382368,0.0,0.0014309323567282641,0.011567282770869356,3495976.40427421,0.0028998480452746105,0.023004965621090077,7000000.0,0.12475583366680254,3.106559475421382,3.0162452,157059163.88595384
2004-08,0.008473344943110046,0.002759166132007702,0.0,0.0042614046795697285,3500000.0,0.0,0.008473344943110046,7000000.0,0.16153217686982843,3.045027111075118,3.2713047,156623020.5532493
2004-09,0.0,0.0008462831943370515,0.0003342496968777851,0.0011805328912148367,3500000.0,0.002679427976049018,0.002344664176938799,6999132.292232706,0.19610178884298485,3.344855833194337,3.7667675999999997,155622029.666608
2004-10,0.0,0.0,0.006735032703365743,0.003326460846678383,3490870.4811390485,0.015825446612549875,0.006605886915199798,6974438.623539324,0.2407770574905305,3.3951742480000004,3.9820926000000005,153962427.91606855
2004-11,0.0,0.0,0.005390106693917965,0.00812346150064137,3497955.3367980756,0.011329594319123282,0.01611718564339551,6986848.060251838,0.27400958305753587,4.135111350000001,4.8208794,151953046.70398343
2004-12,0.0,0.0,0.0032431505366904566,0.0006425256408680239,3490989.823077105,0.006222711372382101,0.0012744713097770732,6973594.694068156,0.32343297361402334,4.989183748,5.789719099999999,149277142.10065883
2005-01,0.0,0.0,0.0038200617789079902,0.003876486232609747,3491140.9503339,0.008660933425740999,0.007689868734913857,6970993.794400245,0.34043281561654304,4.6274984,5.318450199999999,146835002.1157915
2005-02,0.0,0.0,0.002978039905876172,0.0025948686766084313,3490213.9824960553,0.006177496124857376,0.005145353973135153,6968496.836106799,0.2941545269956581,4.558890746,5.1417836999999995,145076085.3041668
2005-03,0.0,0.0,0.005305310449085477,0.004975881187609397,3489331.6391621176,0.010354350416467427,0.009865738861536206,6967188.138918071,0.255599487499166,3.7515135230000007,4.1320639,143736576.84757224
2005-04,0.0,0.0006501657270671988,0.0005567948275909766,0.005322840507544898,3500000.0,0.0009864222027964784,0.010554345428265955,6991988.195918488,0.15811400285112043,3.7935190557270673,3.9226851999999997,143335332.79262668
2005-05,0.004144306916917386,0.004065029192112311,0.0,0.004065029192112311,3500000.0,0.000928768896496017,0.008064340778135507,7000000.0,0.11408832133779108,3.364593065109029,3.3989097000000004,143268194.79626358
2005-06,0.006108668787170502,0.003604031870094557,0.0,0.003604031870094557,3500000.0,0.0010493227277128027,0.007157991514883303,7000000.0,0.09865939279893617,3.320785540657266,3.2340414,143544680.19071236
2005-07,0.007179852299011404,0.004143325911305176,6.20059824238221e-11,0.004143325973311159,3500000.0,0.0010492347982618958,0.0082290870972733,7000000.0,0.11425495222187732,2.987123460210317,3.0522198,143372362.1340286
2005-08,0.0093619312828654,0.00573154971538094,0.0,0.00573154971538094,3500000.0,0.0020215374845049035,0.011383468767370303,7000000.0,0.14745557779293758,2.970809062998246,3.0663087,143082534.3052825
2005-09,0.0188665856781005,0.009598114280116702,0.0,0.009598114280116702,3500000.0,0.0001962925239596516,0.01906287820206015,7000000.0,0.17914825566727036,2.9559342499582177,3.2943075999999993,142148706.67448464
2005-10,0.0,0.001052448024843959,0.0,0.001052448024843959,3500000.0,0.0038853896315228197,0.002090273977374984,6995191.96223193,0.21993124876015474,1.3762254010248438,3.349353199999999,136419169.68903038
2005-11,0.0,0.0,0.008841167276172122,0.0017469994908038671,3481611.9171003257,0.0159625463769343,0.0034673440082917625,6962804.397692409,0.2427875444256047,4.696750090000001,3.5058697000000003,139191626.66155922
2005-12,0.0,0.0,0.0034661515621168524,0.0005320572375556129,3473753.2388614207,0.005335003707892434,0.0010566587429815836,6951345.278538392,0.2962702143183872,4.863044081999999,5.5711308,136693643.86683765
2006-01,0.0,0.0,0.005313910629388513,0.0052189673368294815,3473498.9427466304,0.010188134482149743,0.010371152868255011,6951835.474983736,0.3117356174135059,4.270735306,4.8461119,134461507.59498772
2006-02,0.0,0.0,0.005325616621622634,0.005065426471326363,3472869.4907350335,0.011110146436551832,0.010067482672155199,6949313.062804908,0.26936670818131175,4.278599396,4.764321199999999,132848681.35751869
2006-03,0.0,0.0,0.0013332907534849986,0.00021834957420878475,3469883.23228046,0.0024305047573571345,0.00043388868437499434,6943965.326315032,0.23405687297620045,3.4616302530000005,3.7894411999999997,131559505.24513443
2006-04,0.0,0.0,0.0012353373072251615,0.00028070955830244933,3467408.8371552527,0.00196493246752683,0.0005578564322545673,6940318.1852316065,0.14471890484410488,3.3242011099999997,3.4739240000000002,131026479.8984985
2006-05,0.0,0.0,0.0020023635456424054,0.004874318307802586,3475101.0807902226,0.004549353049755575,0.00968859444578188,6954083.129386723,0.10429104151205132,3.014059136,3.0112763,130968548.50229503
2006-06,0.0,0.0,0.0,0.00276106902976537,3482257.7717153747,1.5025760843241797e-05,0.005486839568419134,6968266.07077596,0.09018943450337544,1.4116603,2.889446599999999,126831185.83046228
2006-07,0.0005628766172010568,0.00078319301677644,0.00031415873886103576,0.0077215409300047605,3500000.0,0.00293309362681583,0.015344062098870665,7000000.0,0.10095178071420521,1.2934830226339775,2.8720802,122246464.2051402
2006-08,0.006711584231355869,0.0038151881324577875,0.00042178676657658075,0.004236974899034368,3500000.0,0.0017034996161867555,0.008415083847542625,7000000.0,0.12572801859581179,1.2325355253638137,2.9383352,117243661.11958762
2006-09,0.0,0.0,0.0023155663510769763,0.0007465703987712074,3495933.1624916233,0.009886221952905259,0.0014827684028019263,6978218.248398133,0.14679637511035637,1.1962949,3.1030927,111804257.94570157
2006-10,0.0,0.0,0.004386365922387054,0.00045007710861065173,3485390.2065328048,0.007175719056869354,0.0008921562307583371,6961388.353724677,0.17298258029887734,1.1074809530000003,3.2214028000000003,105544501.20122425
2006-11,0.0,0.0,0.0016796335864128255,0.0006278083518236169,3482663.8755247495,0.0030994240845418223,0.0012452143173207412,6956582.24200804,0.18783936548421204,1.2570738000000004,2.2052172,102450395.12108918
2006-12,0.0,0.0,0.0014803304652109327,0.0014488506081866612,3482579.5598756955,0.0027561444531166005,0.0028739587533629413,6956897.7958298195,0.21806628205682987,1.192403653,2.2884944000000003,98768270.26790336
2007-01,0.0,0.0,0.002936835027781509,0.0019234451426651661,3479865.2964073997,0.005412185544545551,0.0038156360371053195,6952621.597629092,0.22524520410636686,1.0375219530000002,2.2541248,94732346.66094007
2007-02,0.0,0.0,0.0018206322172922462,0.0017045616552806213,3479584.4985037814,0.004475433476622888,0.003381983119997788,6949976.322526344,0.18977728894138565,1.0217943609999998,2.2071288,91220002.76870427
2007-03,0.0,0.0,0.0007873858685866415,0.00018137512497325343,3477961.3593280874,0.0012323197541953632,0.0003597544901495347,6947639.243723123,0.1607141928903678,0.880014685,2.0914793,87346508.4349307
2007-04,0.0,0.0,0.0006810373690631634,0.0013753244689762567,3479760.951491062,0.0016826002818436645,0.0027282881555745313,6950349.666691834,0.09608344922783175,0.8799276599999997,1.9555001000000003,84097673.63085216
2007-05,0.0,0.0,0.0005518123503192816,0.006939767520328375,3496870.450618414,0.0009711098464070711,0.013764952803809533,6984616.69566894,0.06693787376793182,0.8306620339999999,2.88711023,78185324.53710574
2007-06,0.01925273128439626,0.011538359647304436,0.0,0.012745747526002656,3500000.0,9.373951110753423e-05,0.02528138758989406,7000000.0,0.053841096103625856,0.9016807309317006,2.81049972,72864863.81074011
2007-07,0.014295729663487548,0.007197866217965925,0.0,0.007197866217965925,3500000.0,0.0,0.014295729663487548,7000000.0,0.05799707465500602,0.9079493198814536,2.8161359200000002,67358496.66550663
2007-08,0.0024416647541332494,0.0012293724533880342,0.0,0.0012293724533880342,3500000.0,0.0,0.0024416647541332485,7000000.0,0.06927685292504883,0.8957715712075212,2.90223201,61548828.2624104
2007-09,0.002848310345871842,0.0021712338191526175,0.0,0.0021712338191526175,3500000.0,0.0014639914912132857,0.004312301837085128,7000000.0,0.07706297120827645,0.9210627841650246,3.0317429099999997,55618623.351674296
2007-10,-5.26327952414889e-18,0.0,0.00243043534779828,0.0006501364824082226,3495231.6475189393,0.01057011283826114,0.001291240364217989,6975147.467965523,0.08605265270591515,0.9557131529999997,3.1600519700000005,49215723.15537397
2007-11,0.0,0.0,0.007866095145837559,0.0015196936916038514,3478781.7749495655,0.011327253746832045,0.0030116607663709153,6953593.450960168,0.0875900696306939,3.4252541999999995,2.1587734399999996,51995528.04561121
2007-12,0.0,0.0,0.0034183434123882073,0.0011776784675175329,3472780.377961224,0.005054995358416443,0.0023376603185820983,6946315.3407894755,0.11067279409793185,4.616551453,2.3068487200000005,57603165.130926505
2008-01,0.0,0.0,0.0029625995608389406,0.0019267837843048952,3470006.048985355,0.005641338629002757,0.0038272137612805823,6941456.388743768,0.13136644644980403,4.013465552999998,2.29414912,61568185.69234254
2008-02,0.0,0.0,0.0025582126472460404,0.0017912147423364976,3468084.259034814,0.005204332076644517,0.0035582838000713934,6937332.050181987,0.12333953266830885,2.6725682169999994,2.2232893799999998,62090676.21615603
2008-03,0.0,0.0,0.002219563635805765,0.0024952622535347403,3468822.690212539,0.005442507730364274,0.004956688189723399,6936030.831124335,0.10939325379542979,1.781160553,2.0710701700000005,60720225.79453755
2008-04,0.0,0.0,0.0008659331769189888,0.0008861640017477518,3468875.128510495,0.0021038813744160612,0.0017596065840372113,6935138.470867673,0.06679384026641612,1.2457608,1.92581371,58476179.373047
2008-05,0.0,0.0,0.0010617564578926965,0.003896806425815724,3476468.52634458,0.001986666896423101,0.007736559392062711,6950538.982927994,0.04654434473997107,1.0399387530000002,2.8313701300000003,53247076.58809866
2008-06,0.0,0.0,0.0,0.0059505752111068825,3491892.4172917693,1.687468517926883e-08,0.011814400556245342,6981161.865430598,0.0366677632252631,1.0679694000000004,2.7642380399999995,48468477.56213878
2008-07,0.0,0.0,0.0,0.0028396506119245874,3499498.137490748,0.0,0.005637730632704358,6996261.963157234,0.03857867516073649,1.037093353,2.7816816199999996,43446592.620415464
2008-08,0.003217024135834253,0.0021359906853713456,0.0,0.0023233646807611446,3500000.0,0.0,0.0046126472103437425,7000000.0,0.0446839427252291,1.0037584678212057,2.9289834900000002,37956532.672176525
2008-09,0.008955920817619463,0.00450928503975323,0.0,0.00450928503975323,3500000.0,0.0,0.008955920817619463,7000000.0,0.047523945898875056,1.013815505857373,3.0342437,32395809.992388953
2008-10,0.0,0.0,0.005026347797058523,0.000581922894197911,3488096.0523401783,0.01341097522220885,0.00115576090587559,6967175.633975133,0.05012251685510195,1.077004753,3.1865415500000003,26415289.875919446
2008-11,0.0,0.0,0.002712340896670755,0.0007377805789010421,3482977.9919965193,0.005512370780875129,0.001463417023257682,6956680.745835389,0.04701174606827064,4.448370799999999,2.18567349,31953059.16163049
2008-12,0.0,0.0,0.0026664523181329724,0.0022934686247144944,3481978.992472067,0.0056669327116204765,0.004549008067948059,6953686.496469777,0.06801227856157252,4.940117053,2.34131348,38516466.82961437
2009-01,0.0,0.0,0.004331302551149975,0.005256741849328251,3484457.689088308,0.010118525934118985,0.010425050587484521,6954507.492101352,0.08783842633834114,3.549484053,2.32362194,41340234.811168954
2009-02,0.0,0.0,0.0026338485923491305,0.006705278918363647,3494307.293333002,0.006077122285142057,0.013289865712554244,6971956.561000947,0.08281688317870797,2.9707657189999996,2.2372049599999997,42680922.00771582
2009-03,0.0,0.0,0.003382727048815568,0.002071149513127155,3490794.3640614143,0.009234345935344536,0.0041037187615198655,6958214.689178575,0.07519655474775008,2.088965753,2.10208586,42200509.01929065
2009-04,0.0,0.0,0.0009201938980165886,0.00010241470383735206,3488674.680390102,0.00151432373251827,0.0002027255244087443,6954815.026623155,0.04642166628519896,1.5513894999999998,1.95516449,40778431.40139941
2009-05,0.0,0.0,0.0013264364838335683,0.0038320143028913083,3495385.620020666,0.0024380084686894832,0.007586208814692285,6968603.966429889,0.03245775270292077,1.1916279529999998,2.89346583,35870310.19384311
2009-06,0.0,0.0005037966229920837,1.0327537989041492e-05,0.002294363350538934,3500000.0,0.00012149856058086322,0.004542400742205565,6980062.944884661,0.024701525891818853,1.0855969966229921,2.7969201900000003,31100526.259098314
2009-07,0.0026135010408857295,0.005407083099188453,0.0,0.005407083099188453,3500000.0,0.0006513123850085602,0.010708457062147032,7000000.0,0.02475458607792022,0.9952997371400742,2.78883459,25962580.093687184
2009-08,0.004058055481482491,0.0022150173229902544,0.0,0.0022150173229902544,3500000.0,0.0003412050619232469,0.004399260543405736,7000000.0,0.026701989084418044,0.9389224258044728,2.89815654,20379952.128102176
2009-09,0.0003008342747000475,0.0019670775572392194,0.0,0.0019670775572392194,3500000.0,0.0036059914614070833,0.003906825736107126,7000000.0,0.02551697097104874,0.9069085118319395,3.01665006,14575415.355293605
2009-10,0.0,0.0,0.004301136243634547,0.00014719373796150424,3488874.0803928054,0.010043844360491107,0.00029234245571329003,6973881.5772982435,0.022550956496764616,0.9056475530000001,3.159569039999999,8200115.873351872
2009-11,0.0,0.0,0.002830131439624488,0.001517803590525749,3485472.5266079414,0.005569511570583368,0.003012849304226215,6967254.708703846,0.014593887365205194,1.0682127,2.13656487,5107890.05106126
2009-12,0.0,0.0,0.0008385752587045287,0.0004964558859030613,3484556.19407983,0.0021787949992042553,0.000985492330341724,6964058.566835565,0.010872174687794004,0.9772592529999999,2.2996708299999997,1245478.0156606724
2010-01,0.0,0.0,0.0044820935274743215,0.007484360522158357,3492597.4659983916,0.007711433573558449,0.01485395836821021,6983189.1052455595,0.002840365120159922,1.9406318454141145,2.291903,0.0
2010-02,0.0,0.0,0.002568096389742606,0.000202868008554825,3486875.505498622,0.005572018068217578,0.0004028017930943817,6970683.737232781,0.0,2.32319316,2.19806446,0.0
2010-03,0.0,0.0,0.0008444289272618517,0.0002567614451676553,3485301.496914581,0.0016802333099500038,0.0005097313086665188,6967548.664672543,0.0,2.1800193200000004,2.0646516200000002,0.0
2010-04,0.0,0.0,0.0011616926516287893,0.000995956136314112,3484871.9078668854,0.002692621366360311,0.0019772083253937305,6965694.314070358,0.0,2.0290040800000004,1.9080261800000002,0.0
2010-05,0.016592005432518177,0.00940774546281845,0.0010195157006547657,0.016075443710185648,3500000.0,0.0025087134743504726,0.031908994716920276,7000000.0,0.0,2.7705238499999996,2.69997885,0.0
2010-06,0.005109323131310801,0.0025725321637456253,0.0,0.0025725321637456253,3500000.0,0.0,0.005109323131310836,7000000.0,0.0,2.8953805,2.8861855,0.0
2010-07,0.0046427427514872215,0.0023376100413390055,0.0,0.0023376100413390055,3500000.0,0.0,0.004642742751487269,7000000.0,0.0,2.9402308999999986,2.9389068999999997,0.0
2010-08,0.003949076544151669,0.0019883507395855684,0.0,0.0019883507395855684,3500000.0,0.0,0.003949076544151655,7000000.0,0.0,2.9358958000000004,2.9441298000000002,0.0
2010-09,0.01211440256904805,0.006099573163117395,0.0,0.006099573163117395,3500000.0,0.0,0.012114402569047961,7000000.0,0.0,3.1211591,3.1443621000000004,0.0
2010-10,0.0,0.0,0.003914390793893175,0.000752576097329396,3491531.3955167234,0.009472243201608459,0.0014946963603977436,6978632.9385405015,0.0,3.273112200000001,3.2975481999999996,0.0
2010-11,0.0,0.0,0.006750978777514606,0.0017789738099295216,3478643.958640743,0.012826108127490774,0.003530990260796186,6954539.993030029,0.0,2.7562249000000008,2.2970178,1232750.2752000021
2010-12,0.0,0.0,0.0020746039326459483,0.0010628628800191347,3475934.1114053875,0.004174683051018963,0.0021101252233066197,6949010.281344284,0.0026239163733792386,4.856916053000001,2.4334341999999998,7736384.739060745
2011-01,0.0,0.0,0.002349531111952158,0.0008701654272423259,3471971.7783554606,0.004112174055440145,0.0017275308185703989,6942623.252898652,0.017643151539137616,5.793140053000002,2.4096534000000003,16749518.133373523
2011-02,0.0,0.0,0.003201955179088478,0.006802218991777971,3480681.536571119,0.007999679107597782,0.013507363348656487,6955947.4426146215,0.033554305941592755,4.866839718999999,2.3368944,22765608.91696442
2011-03,0.0,0.0,0.0061899310595748625,0.0061552213700039205,3480588.5701385722,0.013144632292448909,0.012215415392494204,6953458.628069783,0.04010914658734193,3.525008053,2.1745298999999996,26229425.628540084
2011-04,0.0,0.0,0.001994122442489279,0.0009164258741098768,3477795.180633333,0.00353967522912024,0.0018181013471197146,6948996.308567638,0.028853055844040618,2.7120159999999984,2.0296605,27853374.395792324
2011-05,0.0,0.0,0.00043568840088185814,0.0026938788723137813,3483843.5179920164,0.0009922899997102175,0.005345258399976702,6960655.299130911,0.022170002793424456,1.9634820529999997,2.914804,25152725.061465614
2011-06,0.008330925104051453,0.005628147997432617,0.00010464726291862915,0.011966005911579489,3500000.0,0.00023157134505951777,0.02374177919181504,7000000.0,0.017321029174212087,1.762002773101485,2.8530385,22229006.717725106
2011-07,0.020541420291321832,0.010342556739973398,0.0,0.010342556739973398,3500000.0,0.0,0.020541420291321222,7000000.0,0.017693265240475282,1.6150972300312936,2.7931783,19113113.285500832
2011-08,0.0017860329031922177,0.0008992633605055095,0.0,0.0008992633605055095,3500000.0,0.0,0.0017860329031926677,7000000.0,0.019657450857235203,1.474891249263698,3.0239139,15107903.291792702
2011-09,0.0,0.0,0.0008399006087842864,3.5580350217892076e-05,3497915.2018897957,0.0030550348814623435,7.066636870488211e-05,6992264.516814932,0.018916037059699676,2.338941599999999,3.2388636,12934005.75573396
2011-10,0.0,0.0,0.007485295734980074,0.003386938697652582,3486938.1624010177,0.016261639601907112,0.006723392561684069,6966717.275942399,0.020011381769681594,2.3921260530000006,3.3496646000000005,10501378.608917244
2011-11,0.0,0.0,0.002469515271434888,0.0003486438735146509,3481440.8637376083,0.006013488143964263,0.0006917330713561906,6952923.286794199,0.01868948426643009,6.192341999999997,2.3470264999999997,20580067.38569865
2011-12,0.0,0.0,0.0028454195015154404,0.002098245741551079,3479439.63353892,0.0059034894667299226,0.004161379528371933,6948257.2195353005,0.043804797179884385,5.752526052999999,2.4920373,29325951.244967245
2012-01,0.0,0.0,0.005785305096119366,0.006451456291230112,3481223.8528999044,0.011880986087286011,0.01279372175850124,6950701.890757083,0.0668790681042493,4.749668053000001,2.4620911,35375942.28387202
2012-02,0.0,0.0,0.006368639679098327,0.005954927205501957,3480187.2549260613,0.013462567634213822,0.011807167643228565,6946554.12053967,0.07086861728875853,3.8083075170000007,2.374929,38864020.36538851
2012-03,0.0,0.0,0.002217633754645396,0.0012728811552626424,3477656.8295638743,0.004691061491193881,0.0025230579707600786,6940747.33991054,0.06847182060863856,2.612856053,2.2231423,39768556.04030553
2012-04,0.0,0.0,0.001839409007825663,0.009657299477221179,3497920.8016605475,0.004513361914524875,0.019140257281815315,6978660.252702557,0.043746454250193995,2.3729114,2.020995,40606725.75568903
2012-05,0.0,0.0025763498319242768,0.00029132830207678626,0.0036439618628886458,3500000.0,0.0005857179585237281,0.0072195223880864925,6996428.234486697,0.03232108291954181,2.1466852028319243,2.9583372999999997,38379386.58214236
2012-06,0.0020040952931286065,0.002135496809331984,0.0,0.002135496809331984,3500000.0,0.0008570689332362616,0.004239160180571179,7000000.0,0.026429361949973806,1.7852169921024608,2.9060297,35407336.9930976
2012-07,0.0,3.0791432504421875e-05,0.0,3.079143250442188e-05,3500000.0,0.002342541555560505,6.115506758600643e-05,6993889.534430609,0.028182609004217395,1.3092527444325044,2.8886765999999997,31074311.29438873
2012-08,0.010577480046654968,0.006901998347724401,4.023692211446661e-06,0.0069060220399358475,3500000.0,0.0008452563735510963,0.013704122908180565,7000000.0,0.031959301348109447,1.1511281313943795,2.9419931999999998,26144599.93230466
2012-09,0.0,0.0,0.0030208093739092193,0.0001631933757409074,3492593.059332748,0.008999613043546989,0.00032411944204253945,6977513.1205849005,0.03273466950898209,1.1256810999999998,3.1174839,20832769.05133738
2012-10,0.0,0.0,0.00299651863599921,1.3446691392014461e-05,3484603.199436312,0.006789795414768762,2.6677226353783392e-05,6959398.784829049,0.03223227998186882,1.051650353,3.2281104999999997,14833114.41010914
2012-11,0.0,0.0,0.0007647296185229772,5.8374224964626206e-05,3482772.326256209,0.0018108218071149081,0.00011577427772203875,6955005.221632863,0.026398749032292595,1.2499869000000001,2.2212203,12145699.911817439
2012-12,0.0,0.0,0.0005825102489707892,0.0001781644904160381,3481689.326576496,0.0015572717740814075,0.00035331826269098765,6951780.552547955,0.025852195295270212,1.424973853,2.3820111,9396299.699973786
2013-01,0.0,0.0,0.0077516536682397386,0.010634230485421777,3489410.0203236365,0.014122918078554939,0.021085537093119035,6970429.231316564,0.021428657584306985,2.408455353,2.3341638,9406761.250255179
2013-02,0.0,0.0,0.004529868313050557,0.003768876014674271,3487569.0277554044,0.00965199376678371,0.007476389689332504,6965166.009932394,0.018844562715011625,2.741339419,2.2705808999999997,10354714.987699823
2013-03,0.0,0.0,0.0007772765419986078,0.00016545478944078604,3485930.3243733533,0.0016770404838648415,0.0003281410503750394,6961553.117689735,0.018243253796840574,1.532872553,2.1184845000000005,8576676.555165567
2013-04,0.0,0.0,0.0008056297438551097,0.00011531223778584555,3484141.021397622,0.0012583253399152906,0.000228683799894055,6958884.2868180005,0.009434569064036332,1.1237751,1.9740668000000001,6171238.427351584
2013-05,0.003615199581827634,0.0036106968493738825,0.0002889728638845176,0.009820734006261002,3500000.0,0.0005126710182938726,0.019478719309052036,7000000.0,0.004912021474638316,1.1743065494312015,2.8709881,1494541.579990442
2013-06,0.005656608299051287,0.0028480889568020425,0.0,0.0028480889568020425,3500000.0,0.0,0.005656608299051193,7000000.0,0.0010291925922868205,2.326899460805851,2.8824891000000004,0.0
2013-07,0.014104726524071036,0.007101696587097564,0.0,0.007101696587097564,3500000.0,0.0,0.014104726524071052,7000000.0,0.0,2.8763644000000004,2.8593844,0.0
2013-08,0.005647599461296893,0.0028435530282093077,0.0,0.0028435530282093077,3500000.0,0.0,0.005647599461296919,7000000.0,0.0,2.9601856,2.9431086,0.0
2013-09,0.0003901942924538296,0.0004643750619468233,0.0,0.0004643750619468233,3500000.0,0.0005321040869586481,0.0009222983794123773,7000000.0,0.0,3.1322213999999997,3.1076584,0.0
2013-10,0.0,0.0,0.005800289045991609,0.0001845798942340968,3484958.8846079325,0.014375072391205468,0.00036659534775730445,6962479.695086828,0.0,3.2627384999999993,3.2314695,0.0
2013-11,0.0,0.0,0.004893397207015712,0.003625430625178327,3481672.31522781,0.008945074309432198,0.007192807588465977,6957937.819746084,0.0,2.2468717000000002,2.2077827,0.0
2013-12,0.0,0.0,0.0027035809009352593,0.0020929498789404822,3480036.801098499,0.005701028003836677,0.004153593949267976,6953793.172374327,0.0,5.164244552999999,2.3628763999999998,7386714.236995199
2014-01,0.0,0.0,0.005150548656080617,0.00475398929429043,3478974.65650388,0.009278386911029463,0.009433409619531092,6954208.385196777,0.01684571321816578,3.8798350530000003,2.3243955,11377018.233466864
2014-02,0.0,0.0,0.0009778285664709995,0.0003138769405402917,3477368.4247304285,0.0028819981485512375,0.0006230578998414239,6948743.556947098,0.022791578090129706,2.845826719000001,2.2464774,12627151.302676026
2014-03,0.0,0.0,0.0006767931096783482,0.0005573553618904207,3477048.5226667533,0.001540128264519038,0.0011060132310000356,6947580.82324132,0.022246901650066236,1.7590200529999998,2.1146571,11455204.128211688
2014-04,0.0,0.0,0.0016655999539447951,0.0014414382194199503,3476467.495450865,0.0040806384647453274,0.002860167387099615,6944417.362208063,0.012601024860282955,1.2723916000000004,1.9591024000000001,9466479.103773836
2014-05,0.0,0.0,0.0004731404363455552,0.0048666111492018955,3488234.9674081793,0.0008181567510360875,0.00965376780066653,6968082.662843393,0.007534881238887324,1.1327880529999996,2.8486610999999997,4683382.665898798
2014-06,0.0,0.0,0.0,0.0017997550024890607,3492899.932374631,0.0,0.003570207952184289,6977336.641855455,0.0032251379360207365,1.1234556000000004,2.8175428,167096.54196863435
2014-07,0.0,0.0,0.0,0.0018411110699500537,3497831.164264385,0.0,0.0036522128789555556,6987118.728830449,0.0001330011491453551,2.8839638993986108,2.9174165999999997,0.0
2014-08,0.0,0.0,0.0021380005185829823,4.475901790250217e-05,3492224.6262289626,0.006353368397799735,8.878761492129963e-05,6970339.675661588,0.0,2.9659947,2.9364016999999993,0.0
2014-09,0.0,0.0032129272841168845,0.0012967791567376108,0.0075094648401744955,3500000.0,0.004039056748040594,0.014884468146280843,6998450.982005827,0.0,3.0642001999999993,3.0392272,0.0
2014-10,0.0,0.0,0.0061447250236559975,0.004036437945660902,3494353.163890298,0.015759351630799376,0.00801502205611982,6977708.5696730055,0.0,3.2519718,3.2330338000000007,0.0
2014-11,0.0,0.0,0.0019177780827199066,0.0008791988507898926,3491661.1665211353,0.004458612624712837,0.0017434347724224043,6970670.828679869,0.0,2.1898355,2.1824405000000002,0.0
2014-12,0.0,0.0,0.0006358900227334618,9.77195930279551e-05,3490219.730842212,0.0012328774270615767,0.00019372991702005778,6967887.5759889735,0.0,2.3351653999999997,2.3194674,0.0
2015-01,0.0,0.0,0.002126155383621128,0.0017100987007736947,3489105.3646228737,0.004318484956919305,0.003390331021294809,6965401.608487797,0.0,2.3459225000000004,2.3151205000000004,0.0
2015-02,0.0,0.0,0.002547102458092058,0.0030419157062259723,3490302.4168327595,0.005297896153788404,0.006030479054896329,6967173.873042157,0.0,2.2411835000000004,2.2173115,0.0
2015-03,0.007552346744481232,0.006502825476685023,0.0009051376322666213,0.011028625880472138,3500000.0,0.0020536640109693623,0.02186188252883883,7000000.0,0.0,7.214743225221167,2.0258242999999987,13935835.527712375
2015-04,0.0,0.0,0.004031861561636984,0.0005953792340843961,3491092.6378069837,0.011119642473461262,0.0011824866314520176,6974242.892057512,0.015329784434049412,6.095193999999999,3.2546236000000013,21450187.683259316
2015-05,0.0,0.0,0.0029114311889654938,0.0016970714915875763,3487840.096793527,0.004218754099551887,0.0033667308158176284,6971960.832894358,0.01707336116981133,4.3233100529999975,2.9771534,25156694.983297285
2015-06,0.0,0.0,0.0022007027178460744,0.0,3482135.8753488697,0.004470425165069752,0.0,6960373.490866497,0.017323762998547133,3.373755000000001,2.926023,26377843.821605053
2015-07,0.0016724673651069848,0.0016782143084552736,0.00017450386943322036,0.008522418241781229,3500000.0,0.0004496456221295597,0.01691695660040217,7000000.0,0.020995548435159814,3.224172734673562,2.8521070999999965,27495165.396585997
2015-08,0.03939853999211714,0.019837072099281483,0.0,0.01983707209928148,3500000.0,0.0,0.03939853999211714,7000000.0,0.028278222104451915,5.153370665091393,2.943924699999998,33828940.57060222
2015-09,0.00664614246510959,0.00334631707897942,6.20059824238221e-11,0.003346317140985402,3500000.0,1.2315049146612487e-10,0.006646142588260082,7000000.0,0.04235594318845802,4.819534759544089,3.3267777000000005,38329995.528196014
2015-10,0.016705858202817416,0.008440541330901146,0.0,0.008440541330901146,3500000.0,5.795671484231327e-05,0.016763814917659728,7000000.0,0.059303837359502724,5.040514352533719,3.3672547,43420310.30355863
2015-11,0.0,0.0018852844242474576,6.20059824238221e-11,0.0018852844862534402,3500000.0,0.006906429805019871,0.003744375977282686,6991803.956478505,0.07727587362413384,5.475128484424248,3.6974649,48567228.40195253
2015-12,0.0,0.0,0.00862307431625862,0.000508906360908767,3478267.012548391,0.015509342702760297,0.001009558845461303,6952967.735395116,0.1033756376917921,21.757788053,2.6582021,100115852.24487403
2016-01,0.0,6.5790994051861125e-19,0.003593687670968887,0.0008061513749656299,3470800.8753331755,0.006107488303542361,0.0016002817629493368,6940895.633396791,0.22831842161467694,15.952335053000002,2.6195059,135819108.3350165
2016-02,0.0,0.0,0.0021027001082200847,0.0005111038279128937,3466812.971693238,0.0038406825120563745,0.0010150034310929662,6933815.6118915295,0.2720863894410784,9.785126517,2.5294012999999995,153859287.58934814
2016-03,0.0,0.0,0.0030230582041919224,0.001994447759611129,3464057.9414784727,0.0055223305477326195,0.003961294233681283,6929634.532227974,0.2710740021166994,7.801557053000001,4.4126501,162851573.52179396
2016-04,0.0,6.5790994051861125e-19,0.00246433187772284,0.013593511116727665,3492904.7740659732,0.00552700719846755,0.027004080284924938,6985303.105668072,0.17914100032756755,6.744768,6.7219532000000015,162971507.4345449
2016-05,0.018658068660166366,0.00951073992332136,0.0,0.012159793811473526,3500000.0,3.6356348592452625e-06,0.024148896025882965,7000000.0,0.12971781169962174,8.073010861583487,6.911549299999999,166484774.75823385
2016-06,0.029652058405299674,0.014929741574071632,0.0,0.014929741574071632,3500000.0,0.0,0.02965205840529968,7000000.0,0.1146471260510597,8.232238799979372,7.241433392382726,169880000.0
2016-07,0.024575312552801713,0.012373611993486156,0.0,0.012373611993486156,3500000.0,0.0,0.024575312552801706,7000000.0,0.13521665350234527,5.803021776546289,6.147267123043942,169880000.0
2016-08,0.002904344879322056,0.0014623308067714675,6.20059824238221e-11,0.00146233086877745,3500000.0,1.2315049146612487e-10,0.0029043450024725474,7000000.0,0.17471814778392927,6.53040704778393,6.7957409,169880000.0
2016-09,0.0,1.3356534561113269e-05,0.0,1.3356534561113269e-05,3500000.0,0.0003966475363317877,2.6527501560130764e-05,6999040.648869872,0.21270035382391392,8.602663056534562,8.794913702710648,169880000.0
2016-10,0.0,0.0014869770536718068,0.0008311942867861752,0.002318171340457982,3500000.0,0.01004929659394694,0.004603504421701893,6984454.639115731,0.2628368657966936,26.258937030053676,26.34836516425698,169880000.0
2016-11,0.0,0.0,0.007775586655464956,0.0012088728864491798,3482979.077910711,0.014553669590132814,0.002395618480064885,6952940.970638435,0.30233836007827763,13.532048000000003,13.558306639921723,169880000.0
2016-12,0.0,0.0,0.008147147073562911,0.005298213879016439,3475348.495242438,0.012376428304227844,0.010503153762069757,6947923.592104719,0.36159060150065364,14.100735053000001,14.047617451499347,169880000.0
2017-01,0.0,0.0,0.006097689190002912,0.004746964959950206,3471730.7154646646,0.010535545027063461,0.009424216619117413,6944947.010096876,0.3874185016078432,19.929436053,19.841119551392154,169880000.0
2017-02,0.0,0.0,0.004244657538316349,0.005789243922856067,3475467.378846143,0.008516629165659977,0.011500515665497727,6952165.6283172835,0.3403205661182622,11.892492719,11.85207415288174,169880000.0
2017-03,0.0,0.0,0.003345301431585142,0.0011538789705720642,3469597.8729265654,0.007724066715440758,0.002292132467662122,6937616.735628033,0.29929978359507886,8.187809053000002,8.13066726940492,169880000.0
2017-04,0.0,0.0,0.0017896494631409522,0.0011980325880458287,3468064.4019863186,0.00351551940894508,0.0023788790046341502,6934670.563700059,0.18687245371672437,6.812348653716726,6.866717200000001,169880000.0
2017-05,0.036436453576972144,0.01869391751655669,0.0003645753403003022,0.030981879212024766,3500000.0,0.000692707554442414,0.061520378387963454,7000000.0,0.13521665350234527,19.84914542409353,20.186414770591185,169880000.0
2017-06,0.017899687717180528,0.009012450610387522,6.20059824238221e-11,0.009012450672393505,3500000.0,1.2315049146612487e-10,0.017899687840331028,7000000.0,0.11698519460315264,17.692476138327567,18.450300943724415,169880000.0
2017-07,2.2045271938564098e-05,1.109974250266577e-05,0.0,1.109974250266577e-05,3500000.0,0.0,2.2045271938559913e-05,7000000.0,0.13521665350234527,11.593913198014443,12.342198544512096,169880000.0
2017-08,0.007621198141673757,0.003837255315794467,0.0,0.003837255315794467,3500000.0,0.0,0.0076211981416737596,7000000.0,0.17471814778392927,9.263673506457469,9.940417358673539,169880000.0
2017-09,0.008079421061667147,0.004067969476859087,0.0,0.004067969476859087,3500000.0,0.0,0.00807942106166715,7000000.0,0.21270035382391392,9.267143990538527,9.893123636714613,169880000.0
2017-10,0.004625266871147333,0.0026306513867294635,0.0,0.0026306513867294635,3500000.0,0.0005994872330197447,0.00522475410416708,7000000.0,0.2628368657966936,17.571892371257878,18.050291505461175,169880000.0
2017-11,0.0,0.0,0.00830440920300324,0.0008630223586190084,3480711.925299356,0.017756385756122414,0.001714054409842764,6958418.277150443,0.30233836007827763,32.57167700000001,32.965690639921725,169880000.0
2017-12,0.0,0.0,0.005623758754919731,0.0003661593827825751,3466629.971141024,0.007788763756803614,0.0007269175899485671,6939503.828377138,0.36159060150065364,41.544759053000014,41.79863445149935,169880000.0
2018-01,0.0,0.0,0.005436969014008504,0.0032055313553278164,3460653.288516014,0.009549790658381215,0.006372260512367239,6930993.131634054,0.3874185016078432,18.333299053,18.50824055139216,169880000.0
2018-02,0.0,0.0,0.006627143776038381,0.007357706738505114,3462420.6664348133,0.011920016305378206,0.01463364152983828,6937557.933777068,0.3403205661182622,13.747353719,13.974627152881736,169880000.0
2018-03,0.0,0.0,0.0018277583057968124,0.00035839014204085574,3458485.1107450095,0.0031910592888365536,0.0007131081627160809,6930920.989480867,0.29929978359507886,9.827308053000001,9.993717269404922,169880000.0
2018-04,0.0,0.0,0.0020865337116571393,0.0015358337648047834,3457057.6964827683,0.003978480754408915,0.003056481769237288,6928531.168111302,0.18687245371672437,7.860830999999999,8.109045546283276,169880000.0
2018-05,0.0,0.0,0.000486744890556159,0.005896685537692877,3471547.681512059,0.0014099967664802063,0.011735864217229115,6956187.971491388,0.13521665350234527,6.335147865000001,6.589231211497653,169880000.0
2018-06,0.0,0.0,0.0,0.00594800874216694,3486964.920171756,0.0003088415961359683,0.011835655983674314,6986065.474383888,0.11698519460315264,6.044940690000001,6.324669495396847,169880000.0
2018-07,0.016440321392418286,0.006011466816147977,6.177505301504404e-11,0.010878208151909055,3500000.0,1.229053423692718e-10,0.021642877375580558,7000000.0,0.13521665350234527,5.250219577208566,5.50904992370622,169880000.0
2018-08,1.3848067842947943e-05,6.972469545604041e-06,0.0,6.972469545604041e-06,3500000.0,0.0,1.3848067842947943e-05,7000000.0,0.17471814778392927,5.030057356537387,5.3218725,169645435.66152525
2018-09,0.0,0.0,0.002192648419783218,0.00041221871060916624,3495385.126193821,0.008666850440415711,0.0008187103053389852,6979657.620769881,0.21240666464456348,5.166797458000001,5.505492200000001,169159872.65550253
2018-10,0.0,0.0,0.006029792427428679,0.005341173938833235,3493540.730433967,0.013200525023981639,0.010591278000377007,6972669.013541858,0.26172269100153106,4.975200052999999,5.3511603999999995,168317796.98571923
2018-11,0.0,0.0,0.004373593491837176,0.0009592403766329456,3484690.7271593576,0.00826067508557238,0.0019012238378465786,6956185.315907752,0.2995580804841701,6.697338,7.125454199999999,167153327.29870427
2018-12,0.0,0.0,0.0022183329719578037,0.0007019875793680097,3480629.347659845,0.004509213175239447,0.0013915822879679214,6947835.053339284,0.3557868622602667,5.616653052999999,6.1663571,165431850.22334155
2019-01,0.0,0.0,0.0034148156187760927,0.0035007517365644755,3480859.5189577295,0.005249333068437891,0.0069394587007844235,6952361.885832961,0.377274308522134,5.111754053,5.5626983,163886813.69543108
2019-02,0.0,0.0,0.0035398402376791015,0.0031025436770330157,3479801.6111182147,0.009112920652619783,0.006153700263441636,6945202.939867461,0.3283144173307469,5.157866718999999,5.4626116,162999438.31770933
2019-03,0.0,0.0,0.0009011842770317974,0.00023412227613903375,3478014.9522550236,0.0020283724267736846,0.0004640296741519242,6941013.004238839,0.28717739942671183,4.165077902999999,4.350308599999999,162349976.41336003
