"Transmission Link","Transmission Link from AC1 to EVT1","Transmission Link from AC2 to EVT2","Transmission Link from Embalse Santa Juana to DDAEmbalse","Transmission Link from Withdrawal Node 1 to CanalZR1_1","Transmission Link from Withdrawal Node 16 to CanalZR4_2","Transmission Link from Withdrawal Node 17 to CanalZR4_1","Transmission Link from Withdrawal Node 2 to CanalZR1_2","Transmission Link from Withdrawal Node 22 to CanalZR5","Transmission Link from Withdrawal Node 23 to ZR5_notec","Transmission Link from Withdrawal Node 24 to ZR5_tec","Transmission Link from Withdrawal Node 29 to CanalZR8","Transmission Link from Withdrawal Node 7 to CanalZR2_1","All Others (59)"
"1 Apr 1994",2.68131,3.70279,0,0.486451,2.25524,0.393117,0.265022,3.18253,1.20605,0.561605,0.976237,1.11098,4.62993
"1 May 1994",1.96368,2.83885,3.24594,0.394683,1.82979,0.318957,0.215363,2.38278,0.959518,0.446806,0.792072,0.901397,3.40687
"1 Jun 1994",1.65654,2.40998,2.70088,0.358078,1.66008,0.289375,0.195505,2.13565,0.760525,0.354143,0.71861,0.817796,2.94578
"1 Jul 1994",1.47631,1.99722,2.00032,0.320509,1.48591,0.259014,0.174625,1.91158,0.893535,0.41608,0.643215,0.731994,2.94758
"1 Aug 1994",1.60481,1.79251,2.40854,0.297382,1.37869,0.240324,0.162081,2.02796,1.10647,0.515681,0.596802,0.679175,3.12045
"1 Sep 1994",2.07582,1.95525,3.16159,0.312483,1.48721,0.252528,0.170478,2.26165,1.23312,0.58589,0.627108,0.713664,4.15186
"1 Oct 1994",2.17774,1.9864,3.46856,0.292741,1.37838,0.242278,0.159514,2.14761,1.16876,0.558202,0.587489,0.721081,4.66179
"1 Nov 1994",2.34997,2.11722,3.9019,0.340487,1.50619,0.257803,0.173216,2.34561,1.27232,0.613233,0.637205,0.732935,5.2475
"1 Dec 1994",2.83748,2.23786,4.18032,0.342273,1.55065,0.277685,0.185652,2.36449,1.28476,0.616298,0.670849,0.813364,5.73741
"1 Jan 1995",3.21035,2.17595,4.29357,0.342858,1.58836,0.27629,0.189193,2.36241,1.28383,0.615591,0.686116,0.895615,5.90775
"1 Feb 1995",3.13313,2.12036,3.92547,0.326252,1.48022,0.258004,0.178902,2.23359,1.21308,0.582652,0.640461,0.814396,5.53876
"1 Mar 1995",2.28469,1.6657,3.18871,0.259144,1.20457,0.208478,0.14076,1.85305,1.00197,0.487157,0.517717,0.616186,4.48636
"1 Apr 1995",1.99146,1.51911,0.7451,0.302185,0.462877,0.244205,0.164446,1.97549,0.997948,0.483295,0.606441,0.690144,3.56069
"1 May 1995",1.67158,1.28508,0.527059,0.269538,0.344945,0.217822,0.14668,1.70467,0.851452,0.412298,0.540924,0.615584,2.4096
"1 Jun 1995",1.53008,1.17924,0.436301,0.255096,0.378392,0.206152,0.138821,1.5507,0.773719,0.374645,0.511941,0.582601,2.28566
"1 Jul 1995",1.29106,1.01654,0.378094,0.227696,0.296094,0.184009,0.12391,1.44413,0.725783,0.351434,0.456953,0.520023,2.08028
"1 Aug 1995",1.13901,0.91323,0.354089,0.211416,0.263178,0.170852,0.115051,1.34244,0.672781,0.325844,0.424281,0.482841,2.18675
"1 Sep 1995",1.07244,0.874071,0.444291,0.204784,0.325028,0.165493,0.111442,1.34295,0.675224,0.326979,0.410973,0.467696,2.7971
"1 Oct 1995",0.957747,0.78559,0.472283,0.197676,0.298381,0.163428,0.106201,1.22782,0.616158,0.298387,0.37573,0.472991,3.0216
"1 Nov 1995",0.939835,0.754318,0.736807,0.198539,0.311338,0.152304,0.103137,1.20309,0.603906,0.292477,0.371216,0.467425,3.05287
"1 Dec 1995",1.26559,0.799208,0.81387,0.213971,0.362006,0.164258,0.110271,1.26499,0.641341,0.310603,0.400158,0.483653,3.25199
"1 Jan 1996",1.53713,0.865677,1.00302,0.207065,0.39938,0.164158,0.113074,1.29812,0.655499,0.317466,0.407487,0.470783,3.25092
"1 Feb 1996",1.50049,0.872761,0.984108,0.215322,0.405814,0.166928,0.115192,1.32843,0.667296,0.323208,0.414536,0.472586,3.27616
"1 Mar 1996",1.28378,0.764819,0.796216,0.203221,0.343706,0.14848,0.101218,1.14502,0.573376,0.27777,0.367181,0.456158,3.01729
"1 Apr 1996",1.18232,0.725939,0.740542,0.182126,0.301388,0.144211,0.0971106,1.14378,0.567989,0.284429,0.358122,0.460162,2.77688
"1 May 1996",0.999886,0.622346,0.497771,0.162423,0.222653,0.131259,0.088389,1.02648,0.508096,0.254406,0.325959,0.370949,1.87314
"1 Jun 1996",0.912491,0.586347,0.416482,0.157932,0.203446,0.12763,0.085945,0.997459,0.494279,0.247492,0.316946,0.360692,1.7864
"1 Jul 1996",0.797955,0.524389,0.332988,0.144697,0.20627,0.116934,0.0787428,0.915655,0.454074,0.227333,0.290386,0.330466,1.74591
"1 Aug 1996",0.774933,0.504698,0.360108,0.144621,0.190034,0.116873,0.0787014,0.920884,0.458698,0.229663,0.290233,0.330292,1.75392
"1 Sep 1996",0.885107,0.547593,0.395732,0.154977,0.222659,0.125658,0.0817954,0.985971,0.492203,0.246412,0.301643,0.370097,2.40933
"1 Oct 1996",0.916074,0.552505,0.492618,0.156831,0.238209,0.129018,0.0824119,0.957374,0.476797,0.238717,0.292981,0.366422,2.50919
"1 Nov 1996",1.19179,0.699631,0.709825,0.186766,0.29343,0.140343,0.0950096,1.12105,0.563081,0.281878,0.345028,0.433706,2.84278
"1 Dec 1996",1.42777,0.793844,0.785755,0.194207,0.327425,0.150937,0.0980352,1.1447,0.572192,0.286439,0.361532,0.433572,2.97442
"1 Jan 1997",1.47625,0.785726,0.956991,0.183503,0.350836,0.143924,0.0987477,1.13751,0.566046,0.283475,0.35741,0.411865,2.91345
"1 Feb 1997",1.58229,0.839758,1.02367,0.199149,0.370655,0.153218,0.105319,1.20761,0.599347,0.300083,0.380491,0.444832,3.06929
"1 Mar 1997",1.26098,0.726987,0.787662,0.166555,0.301167,0.132928,0.0883511,1.00935,0.499549,0.250101,0.325195,0.406157,2.77721
"1 Apr 1997",1.12897,0.72515,0.761516,0.16146,0.283986,0.12782,0.0861152,1.00595,0.494393,0.254414,0.317419,0.407408,2.63899
"1 May 1997",0.982346,0.689602,0.526427,0.14987,0.199496,0.121115,0.081558,0.947981,0.466235,0.239942,0.300768,0.342281,1.79105
"1 Jun 1997",1.21495,0.89748,0.424234,0.320501,0.297175,0.259008,0.174414,1.91153,0,0,0.6432,0.731976,1.26229
"1 Jul 1997",2.12412,1.36023,0.00162196,0.627248,0.434252,0.278134,0.341343,2.05269,0.706623,0.363617,0.690697,1.43254,2.62133
"1 Aug 1997",4.02512,2.45014,0.324855,0.760761,0.541107,0.471611,0.414,3.48059,0,0,1.52674,1.73746,2.55954
"1 Sep 1997",6.02467,3.77136,1.36564E-5,0.78612,0.527183,0.458489,0.4278,3.38375,1.13885,0.586034,1.25264,1.79538,4.48625
"1 Oct 1997",6.09838,3.79153,0.48303,0.760761,0.705393,0.43337,0.414,3.19837,1.42001,0.730712,1.0762,1.73746,5.12786
"1 Nov 1997",6.68841,5.22189,0.642423,0.78612,0.644324,0.337627,0.4278,2.6225,1.26742,0.652199,0.881422,1.79538,5.951
"1 Dec 1997",8.99669,9.43158,0.796161,0.760761,0.705393,0.614797,0.414,4.53734,2.07872,1.06968,1.52674,1.73746,7.16134
"1 Jan 1998",11.3202,12.1949,0.99547,0.760761,0.705393,0.614797,0.414,4.53734,1.90884,0.982255,1.52674,1.73746,7.09903
"1 Feb 1998",8.70025,11.1226,1.08922,0.842271,0.780971,0.680668,0.458357,5.02348,1.68265,0.865863,1.69032,1.92362,6.84298
"1 Mar 1998",5.19564,7.38124,0.768472,0.760761,0.705393,0.614797,0.414,4.53734,1.37546,0.707787,1.52674,1.73746,5.74854
"1 Apr 1998",4.13637,5.90041,0.71988,0.78612,0.728906,0.63529,0.4278,4.68858,1.06173,0.546349,1.57763,1.79538,4.97186
"1 May 1998",3.15121,4.52551,0.499208,0.697846,0.705393,0.563953,0.379762,4.1621,0.84584,0.435255,1.40048,1.59378,3.89997
"1 Jun 1998",2.73857,3.88255,0.407591,0.671032,0.63216,0.542284,0.36517,4.00217,0.609583,0.313681,1.34666,1.53254,3.53953
"1 Jul 1998",2.34523,3.25222,0.311157,0.601077,0.679029,0.485751,0.327101,3.58495,0.670697,0.34513,1.20628,1.37277,3.25449
"1 Aug 1998",2.09236,2.84707,0.314272,0.533218,0.705366,0.430911,0.290173,3.18022,0.88162,0.453667,1.07009,1.21779,3.371
"1 Sep 1998",1.96768,2.59563,0.406551,0.502095,0.728878,0.40576,0.273236,2.9946,1.1202,0.576436,1.00763,1.14671,4.06578
"1 Oct 1998",1.86831,2.59289,0.455914,0.496321,0.705393,0.401093,0.270094,2.99074,1.47731,0.760197,0.996044,1.13352,5.04381
"1 Nov 1998",1.99908,3.01706,0.686931,0.528351,0.728878,0.426978,0.287524,3.52812,1.75478,0.902981,1.06033,1.20667,5.68747
"1 Dec 1998",2.28622,3.14724,0.740681,0.52523,0.705343,0.424456,0.285826,3.61475,1.76635,0.93954,1.05406,1.21453,6.40315
"1 Jan 1999",2.35504,3.00743,0.904724,0.471748,0.705344,0.381235,0.256721,3.09544,1.48907,0.790012,0.946731,1.13569,6.06072
"1 Feb 1999",2.44565,2.94338,0.941288,0.489275,0.780945,0.3954,0.26626,3.16915,1.54443,0.805597,0.981906,1.12931,5.93516
"1 Mar 1999",2.37507,2.5288,0.728083,0.445121,0.705367,0.359718,0.242231,2.68633,1.31743,0.677929,0.893295,1.01659,4.95957
"1 Apr 1999",2.36237,2.46472,0.682071,0.419238,0.728874,0.3388,0.228146,2.50042,1.03107,0.530574,0.84135,0.957476,4.02006
"1 May 1999",1.93912,2.11452,0.455261,0.369654,0.570754,0.29873,0.201163,2.20469,0.805002,0.41424,0.741842,0.844234,2.72888
"1 Jun 1999",1.75954,1.93936,0.380635,0.361301,0.523406,0.291979,0.196617,2.15487,0.63489,0.326704,0.725079,0.825157,2.51465
"1 Jul 1999",1.52155,1.6587,0.285767,0.326975,0.512697,0.26424,0.177937,1.95015,0.67522,0.347457,0.656192,0.746762,2.78785
"1 Aug 1999",1.36669,1.48127,0.308813,0.562355,0.53289,0.261842,0.414,1.93245,0.803034,0.413228,0.650238,1.46868,2.90807
"1 Sep 1999",1.36724,1.43326,0.393926,0.569858,0.508104,0.264916,0.4278,2.08917,1.03298,0.531553,0.657872,1.44061,3.49031
"1 Oct 1999",1.35404,1.38303,0.440029,0.534511,0.547759,0.263809,0.414,2.14164,1.05982,0.5454,0.655124,1.38893,4.15174
"1 Nov 1999",1.4854,1.52087,0.615118,0.599023,0.4027,0.322121,0.4278,1.49066,0.708118,0.364448,0.448047,1.48532,4.80901
"1 Dec 1999",1.76342,1.93616,0.725702,0.760761,0.451666,0.391535,0.414,1.43617,0.707504,0.364128,0.433746,1.73746,5.58204
"1 Jan 2000",2.17994,2.36066,0.87885,0.760761,0.527565,0.280867,0.414,1.42188,0.679211,0.378174,0.426113,1.73746,5.44953
"1 Feb 2000",2.20131,2.28497,0.882004,0.813228,0.509816,0.240954,0.442552,1.41414,0.680172,0.367577,0.428408,1.85729,5.05542
"1 Mar 2000",1.71126,1.85208,0.726225,0.715268,0.475668,0.183587,0.414,1.33595,0.65164,0.345182,0.410235,1.72826,4.28444
"1 Apr 2000",1.48093,1.6715,0.668295,0.646348,0.416339,0.163587,0.4278,1.30927,0.642573,0.330737,0.40624,1.59771,3.44441
"1 May 2000",1.25415,1.45839,0.450926,0.578711,0.471893,0.258153,0.414,1.90523,0.553097,0.284615,0.641078,1.4791,2.54937
"1 Jun 2000",1.31825,1.46617,0.268792,0.654759,0.342804,0.298777,0.4278,2.20504,0.235649,0.121261,0.741959,1.61728,2.31253
"1 Jul 2000",1.39199,1.41569,0.0784115,0.680957,0.508227,0.311087,0.414,2.29589,0.545498,0.280704,0.77253,1.6393,2.73437
"1 Aug 2000",1.62414,1.44072,0.236443,0.721202,0.601664,0.305554,0.414,2.25506,0.858143,0.441586,0.758789,1.60542,3.16131
"1 Sep 2000",2.04179,1.61072,0.398693,0.78612,0.728904,0.303859,0.4278,2.24255,1.06794,0.549545,0.75458,1.79538,3.87939
"1 Oct 2000",2.42203,2.03916,0.43516,0.760761,0.546099,0.293135,0.414,2.46457,1.19332,0.657818,0.727949,1.73746,4.49655
"1 Nov 2000",3.03864,3.01915,0.645259,0.78612,0.47842,0.313873,0.4278,1.72717,0.821149,0.422569,0.519514,1.79538,4.96616
"1 Dec 2000",4.10211,4.39589,0.70639,0.760761,0.51557,0.385934,0.414,1.64522,0.809785,0.416779,0.499244,1.73746,5.76835
"1 Jan 2001",4.5852,5.14854,0.908194,0.601762,0.705393,0.486304,0.327474,3.59699,1.7195,0.884825,1.52674,1.37433,6.49786
"1 Feb 2001",4.55686,5.07243,0.941401,0.784913,0.780971,0.634314,0.427143,5.02348,1.59462,0.820566,1.69032,1.82293,6.59743
"1 Mar 2001",3.97137,4.27675,0.721575,0.718615,0.705393,0.580737,0.391064,4.53734,1.30136,0.669659,1.52674,1.64121,5.42473
"1 Apr 2001",3.5841,3.9294,0.660496,0.5822,0.728906,0.470496,0.316829,3.47236,1.03452,0.532349,1.16839,1.32966,4.56547
"1 May 2001",2.71875,3.14989,0.474486,0.487876,0.675317,0.394269,0.265498,2.90979,0.796674,0.409955,0.979098,1.11424,3.11188
"1 Jun 2001",2.33137,2.74399,0.38489,0.446752,0.609878,0.361035,0.243119,2.66452,0.679283,0.349547,0.896567,1.02031,2.85839
"1 Jul 2001",1.97136,2.27987,0.304958,0.395292,0.554441,0.319448,0.215114,2.3576,0.669692,0.344612,0.793293,0.902787,2.63856
"1 Aug 2001",1.94475,2.08213,0.309317,0.399932,0.553458,0.323199,0.21764,2.38528,0.684912,0.352444,0.802607,0.913385,2.58496
"1 Sep 2001",2.08925,2.0225,0.258229,0.388501,0.728865,0.31396,0.211419,2.3171,1.06625,0.548672,0.779665,0.887277,3.52801
"1 Oct 2001",2.33166,2.12952,0.424586,0.42169,0.613488,0.340782,0.22948,2.77014,1.38451,0.712478,0.846271,0.963077,4.37645
"1 Nov 2001",2.85392,2.59666,0.642404,0.470807,0.728447,0.380475,0.256209,3.12415,1.52509,0.817747,0.944843,1.07525,5.32809
"1 Dec 2001",3.413,3.01726,0.702062,0.579928,0.705393,0.46866,0.315592,3.84474,1.89244,0.97382,1.16383,1.32447,6.61832
"1 Jan 2002",3.6015,3.15958,0.868906,0.488409,0.70537,0.3947,0.265788,3.22762,1.55387,0.818922,0.980166,1.18125,6.06167
"1 Feb 2002",3.33679,3.03146,0.924233,0.471672,0.780942,0.381174,0.25668,3.00231,1.45615,0.75277,0.946578,1.08901,5.67592
"1 Mar 2002",2.53673,2.39613,0.683942,0.379772,0.655036,0.306907,0.206669,2.42444,1.15849,0.631347,0.762148,0.867342,4.5957
"1 Apr 2002",2.23016,2.19486,0.674287,0.37663,0.679822,0.304367,0.204959,2.2463,0.863566,0.444377,0.755843,0.860167,3.43517
"1 May 2002",2.53442,2.27264,0.435511,0.587079,0.544352,0.474439,0.319484,3.50146,0.310511,0.159784,1.17818,1.3408,2.5522
"1 Jun 2002",3.33941,2.5566,0.0891691,0.636757,0.590414,0.514585,0.346518,3.79775,0.465575,0.239577,1.27788,1.45426,3.19601
"1 Jul 2002",3.36709,2.33008,0.225642,0.760761,0.705393,0.614797,0.414,4.53734,0.364873,0.187758,1.52674,1.73746,3.2873
"1 Aug 2002",4.2536,2.63128,0.192,0.760761,0.705393,0.614797,0.414,4.53734,0.440925,0.226893,1.52674,1.73746,3.60951
"1 Sep 2002",5.87324,3.57262,0.146446,0.78612,0.728906,0.63529,0.4278,4.68858,1.08769,0.559709,1.57763,1.79538,4.94635
"1 Oct 2002",6.88968,5.42232,0.452417,0.760761,0.705393,0.614797,0.414,4.53734,1.43179,0.736777,1.52674,1.73746,5.57749
"1 Nov 2002",8.10142,8.15846,0.663043,0.78612,0.728906,0.63529,0.4278,4.68858,1.66606,0.857328,1.57763,1.79538,6.37337
"1 Dec 2002",8.68441,9.53915,0.733096,0.760761,0.705393,0.614797,0.414,4.53734,1.84247,0.948105,1.52674,1.73746,6.95859
"1 Jan 2003",9.43785,9.79208,0.842891,0.760761,0.705393,0.614797,0.414,4.53734,1.65756,0.852951,1.52674,1.73746,6.84211
"1 Feb 2003",8.24495,8.87006,0.909432,0.842271,0.780971,0.680668,0.458357,5.02348,1.51624,0.780231,1.69032,1.92362,6.64988
"1 Mar 2003",5.38512,6.29642,0.666763,0.760761,0.705393,0.614797,0.414,4.53734,1.31149,0.674869,1.52674,1.73746,5.73695
"1 Apr 2003",4.09396,5.17893,0.683986,0.78612,0.728906,0.63529,0.4278,4.68858,1.00689,0.51813,1.57763,1.79538,5.02221
"1 May 2003",3.2401,4.12753,0.465096,0.703248,0.705393,0.568318,0.382702,4.19431,0.792272,0.40769,1.41132,1.60611,3.90176
"1 Jun 2003",3.14833,3.70713,0.35412,0.645011,0.678264,0.521255,0.35101,3.84698,0.65932,0.339275,1.29445,1.47311,3.61937
"1 Jul 2003",2.75801,3.09305,0.317936,0.568441,0.694263,0.459376,0.309341,3.3903,0.677616,0.34869,1.14078,1.29823,3.29656
"1 Aug 2003",2.59681,2.75565,0.314589,0.527588,0.705363,0.426362,0.287109,3.14664,0.840477,0.432496,1.05879,1.20493,3.3894
"1 Sep 2003",2.57071,2.6283,0.39542,0.50634,0.728879,0.40919,0.275546,3.01991,1.04656,0.53854,1.01615,1.1564,4.08146
"1 Oct 2003",2.96588,2.63682,0.445722,0.589134,0.705393,0.476099,0.320602,3.51371,1.41466,0.727961,1.41218,1.34549,5.05607
"1 Nov 2003",3.88121,2.97386,0.671128,0.607356,0.728906,0.490825,0.330518,3.6224,1.71425,0.882124,1.43426,1.38711,6.08012
"1 Dec 2003",3.66094,2.7691,0.743631,0.496929,0.70537,0.401585,0.270425,3.33656,1.61714,0.860812,0.997266,1.19751,6.3335
"1 Jan 2004",3.24186,2.45385,0.829519,0.455848,0.705367,0.368386,0.248069,2.98615,1.43864,0.767821,0.914822,1.07662,5.96717
"1 Feb 2004",3.13961,2.34419,0.89315,0.464516,0.754012,0.375391,0.252786,2.97234,1.45298,0.752874,0.932216,1.07949,5.67005
"1 Mar 2004",2.80236,2.0699,0.731326,0.41606,0.70537,0.336232,0.226417,2.59535,1.27073,0.655989,0.834973,0.950219,4.76621
"1 Apr 2004",2.60737,1.98355,0.67588,0.387479,0.728875,0.313134,0.210863,2.311,0.959786,0.49389,0.777614,0.884943,3.82854
"1 May 2004",2.10556,1.67104,0.437718,0.339984,0.538936,0.274753,0.185017,2.02774,0.794364,0.408766,0.6823,0.776473,2.69602
"1 Jun 2004",1.84038,1.52765,0.384045,0.324668,0.528844,0.262375,0.176681,1.93638,0.663576,0.341465,0.651561,0.741492,2.54331
"1 Jul 2004",1.69421,1.38384,0.311575,0.365318,0.33873,0.295225,0.198803,2.17883,0.212427,0.109311,0.73314,0.83433,2.04075
"1 Aug 2004",1.8246,1.39003,0.0607671,0.372317,0.565348,0.300882,0.202612,2.22057,0.784673,0.40378,0.747186,0.850315,2.85425
"1 Sep 2004",2.06457,1.59428,0.374488,0.404144,0.728868,0.326603,0.219932,2.4104,1.09681,0.5644,0.81106,0.923005,3.79066
"1 Oct 2004",2.12687,1.75752,0.46451,0.399171,0.584296,0.322584,0.217226,2.63286,1.30845,0.673424,0.80108,0.911648,4.40775
"1 Nov 2004",2.51207,2.05966,0.648607,0.461217,0.714695,0.372725,0.25099,3.06162,1.49195,0.807832,0.925596,1.05335,5.41241
"1 Dec 2004",3.35985,2.53374,0.717381,0.531392,0.705369,0.429436,0.289179,3.60473,1.7884,0.936128,1.06643,1.28056,6.54122
"1 Jan 2005",3.46285,2.77142,0.868024,0.493278,0.705369,0.398634,0.268438,3.25001,1.57732,0.827173,0.989937,1.20722,6.21622
"1 Feb 2005",2.99241,2.70549,0.920648,0.4822,0.780942,0.389682,0.262409,3.08963,1.50124,0.77629,0.967707,1.10387,5.90001
"1 Mar 2005",2.19288,2.13848,0.692391,0.393161,0.683528,0.317727,0.213955,2.4612,1.19297,0.624664,0.789019,0.897922,4.80797
"1 Apr 2005",1.95797,1.99279,0.666339,0.384649,0.724161,0.310847,0.209323,2.29412,1.02024,0.524999,0.771934,0.878479,3.79093
"1 May 2005",1.70787,1.76068,0.47792,0.34569,0.556363,0.279364,0.188122,2.06177,0.777427,0.400051,0.69375,0.789504,2.81407
"1 Jun 2005",1.65923,1.67366,0.37272,0.336302,0.464842,0.271777,0.183013,2.00577,0.62867,0.323503,0.67491,0.768064,2.73918
"1 Jul 2005",1.52043,1.49755,0.306441,0.322791,0.4665,0.260858,0.17566,1.92519,0.590521,0.303872,0.647795,0.737206,2.63376
"1 Aug 2005",1.52244,1.45278,0.281015,0.336256,0.489451,0.27174,0.182988,2.0055,0.625369,0.321805,0.674819,0.767959,2.75011
"1 Sep 2005",1.63914,1.47669,0.309838,0.33473,0.603068,0.270506,0.182157,2.07747,1.02402,0.526942,0.671755,0.764473,3.54308
"1 Oct 2005",1.60319,1.38379,0.427335,0.624813,0.578854,0.258952,0.414,2.11334,1.04526,0.537896,0.643062,1.36652,4.60341
"1 Nov 2005",2.19003,1.97908,0.650545,0.338346,0.562087,0.273497,0.184125,2.20325,1.08645,0.559182,0.679012,0.859956,4.98778
"1 Dec 2005",3.0181,2.56099,0.721252,0.495484,0.70536,0.400417,0.269638,3.36106,1.67966,0.894041,0.994365,1.15332,6.47403
"1 Jan 2006",3.14813,2.45767,0.884924,0.438503,0.705358,0.354369,0.23863,2.85256,1.36359,0.733871,0.880012,1.03305,6.18322
"1 Feb 2006",2.98413,2.42826,0.942759,0.438065,0.780938,0.354015,0.238392,2.74764,1.32761,0.698785,0.879134,1.02099,5.8168
"1 Mar 2006",2.25508,1.95852,0.692308,0.352917,0.618332,0.285204,0.192055,2.21681,1.08273,0.557236,0.708254,0.861545,4.7747
"1 Apr 2006",1.92577,1.76035,0.654404,0.326633,0.533133,0.263963,0.177751,2.08021,1.01746,0.52357,0.655505,0.74598,3.83321
"1 May 2006",1.58017,1.51163,0.462031,0.295251,0.494015,0.238603,0.160673,1.76094,0.816465,0.420139,0.592527,0.67431,2.81548
"1 Jun 2006",1.46391,1.43299,0.410081,0.649021,0.423999,0.235311,0.4278,1.73665,0.661361,0.340325,0.584354,1.32391,2.94527
"1 Jul 2006",1.37036,1.27404,0.309738,0.618575,0.414146,0.233623,0.414,1.72419,0.637692,0.328146,0.580161,1.20424,2.85039
"1 Aug 2006",1.3875,1.18459,0.285188,0.585938,0.464606,0.231287,0.414,1.70695,0.808002,0.415784,0.574359,1.14047,3.04062
"1 Sep 2006",1.41225,1.15489,0.384129,0.575518,0.44019,0.230166,0.4278,1.8706,0.925752,0.476427,0.571575,1.10793,3.72236
"1 Oct 2006",1.50228,1.09734,0.4503,0.70378,0.512239,0.244032,0.414,1.84794,0.912048,0.469385,0.563367,1.04022,4.48413
"1 Nov 2006",1.85844,1.13685,0.662836,0.78612,0.337253,0.313495,0.4278,1.19561,0.562531,0.290201,0.360488,1.05335,4.88942
"1 Dec 2006",2.04755,1.07046,0.705829,0.760761,0.362673,0.340717,0.414,1.18594,0.577811,0.307852,0.359581,0.972285,5.36181
"1 Jan 2007",1.95546,0.992134,0.861529,0.760761,0.376147,0.265553,0.414,1.14878,0.546195,0.306433,0.395494,0.896705,5.22903
"1 Feb 2007",1.79748,0.989998,0.945173,0.761835,0.368076,0.233049,0.458357,1.17841,0.556066,0.315154,0.381314,0.90641,4.97413
"1 Mar 2007",1.36582,0.808772,0.697072,0.594459,0.353362,0.184686,0.414,1.1465,0.539432,0.316611,0.343822,0.747631,4.30315
"1 Apr 2007",1.19282,0.744422,0.69859,0.537156,0.318083,0.137731,0.4278,1.13702,0.538895,0.304201,0.34203,0.706662,3.53057
"1 May 2007",0.981446,0.643293,0.477066,0.466879,0.430989,0.21647,0.414,1.5976,0.798522,0.410906,0.537565,0.644426,2.84674
"1 Jun 2007",1.01648,0.671523,0.388327,0.50068,0.383562,0.216126,0.4278,1.59505,0.631542,0.324981,0.53671,0.723897,2.68572
"1 Jul 2007",1.13166,0.751352,0.29414,0.516709,0.393265,0.214072,0.414,1.5799,0.691011,0.355583,0.53161,0.913559,2.67308
"1 Aug 2007",1.22816,0.816836,0.311568,0.515111,0.408041,0.212904,0.414,1.62568,0.802854,0.413135,0.52871,0.956648,2.83855
"1 Sep 2007",1.50109,0.922207,0.358226,0.60036,0.422836,0.212505,0.4278,1.72514,0.851847,0.438349,0.527717,1.09626,3.48566
"1 Oct 2007",1.93414,1.26992,0.422926,0.75574,0.393599,0.238611,0.414,1.8086,0.851089,0.499813,0.523671,1.48223,4.29321
"1 Nov 2007",2.89049,2.23184,0.639464,0.78612,0.288857,0.315144,0.4278,1.05664,0.490939,0.252681,0.356058,1.79538,4.88845
"1 Dec 2007",3.65467,2.92703,0.706769,0.760761,0.317135,0.363338,0.414,1.06441,0.520515,0.27547,0.380158,1.73746,5.57102
"1 Jan 2008",3.83244,2.98138,0.854893,0.760761,0.330001,0.278139,0.414,1.0762,0.495783,0.302916,0.403047,1.73746,5.51918
"1 Feb 2008",3.50019,2.85201,0.901558,0.813228,0.34387,0.237395,0.442552,1.05734,0.488322,0.291335,0.389681,1.85729,5.17209
"1 Mar 2008",2.56656,2.26141,0.743197,0.760761,0.282712,0.183825,0.414,1.00779,0.497339,0.255933,0.317941,1.73746,4.57144
"1 Apr 2008",2.12207,1.98366,0.673308,0.78612,0.307274,0.12566,0.4278,1.04397,0.485349,0.289655,0.312055,1.79538,3.65048
"1 May 2008",1.78554,1.6785,0.459446,0.749198,0.418908,0.207248,0.414,1.52954,0.753497,0.387737,0.514664,1.64434,2.89644
"1 Jun 2008",1.84738,1.60971,0.330493,0.766074,0.352595,0.210408,0.4278,1.55286,0.563991,0.29022,0.522511,1.64205,2.76028
"1 Jul 2008",1.82078,1.46696,0.239346,0.726375,0.362629,0.21647,0.414,1.5976,0.486773,0.250485,0.537565,1.54322,2.63755
"1 Aug 2008",1.8689,1.39363,0.195285,0.725994,0.355481,0.218437,0.414,1.7213,0.852797,0.438881,0.54245,1.47928,3.04779
"1 Sep 2008",2.06053,1.40285,0.407876,0.784076,0.405439,0.221272,0.4278,1.7944,0.884887,0.455363,0.549489,1.50902,3.60781
"1 Oct 2008",2.22499,1.48214,0.427575,0.760761,0.399015,0.240198,0.414,1.88982,0.889567,0.522439,0.54474,1.59464,4.3934
"1 Nov 2008",3.17072,2.26904,0.636912,0.78612,0.298894,0.318031,0.4278,1.12645,0.524818,0.270127,0.369081,1.79538,4.96968
"1 Dec 2008",4.01081,2.87308,0.732186,0.760761,0.339186,0.373361,0.414,1.12265,0.549364,0.289651,0.388988,1.73746,5.67148
"1 Jan 2009",3.88078,2.75659,0.872482,0.760761,0.365199,0.281435,0.414,1.14311,0.531152,0.318283,0.394199,1.73746,5.57518
"1 Feb 2009",3.67619,2.72895,0.905734,0.842271,0.354657,0.238591,0.458357,1.15233,0.531285,0.317688,0.374474,1.92362,5.21245
"1 Mar 2009",2.87395,2.20426,0.691671,0.760761,0.339922,0.187578,0.414,1.12412,0.52081,0.317451,0.329012,1.73746,4.4972
"1 Apr 2009",2.5405,2.02525,0.68611,0.78612,0.315912,0.131886,0.4278,1.10233,0.514781,0.300791,0.327516,1.79538,3.72301
"1 May 2009",2.01459,1.71259,0.47733,0.760761,0.394111,0.211367,0.414,1.61483,0.815911,0.419854,0.524893,1.59986,2.95382
"1 Jun 2009",1.75516,1.56821,0.381929,0.716077,0.378547,0.21098,0.4278,1.55708,0.650232,0.334598,0.523931,1.49034,2.88788
"1 Jul 2009",1.49793,1.35993,0.305774,0.620629,0.373008,0.211367,0.414,1.55994,0.632486,0.325467,0.524893,1.32273,2.80426
"1 Aug 2009",1.44202,1.28267,0.289851,0.588297,0.334767,0.211121,0.414,1.66976,0.826882,0.425553,0.524282,1.27599,2.97384
"1 Sep 2009",1.47293,1.27037,0.39569,0.569308,0.412547,0.210726,0.4278,1.71885,0.846817,0.435802,0.5233,1.25138,3.59317
"1 Oct 2009",1.54967,1.29499,0.425425,0.672285,0.477096,0.244597,0.414,1.70292,0.840642,0.432646,0.519397,1.26765,4.42043
"1 Nov 2009",1.89976,1.5336,0.64869,0.78612,0.255469,0.314832,0.4278,1.05523,0.494172,0.254371,0.352052,1.42248,4.80465
"1 Dec 2009",1.9778,1.53432,0.711931,0.760761,0.314561,0.358373,0.414,1.06896,0.516603,0.28215,0.365332,1.33628,5.53469
"1 Jan 2010",2.16969,1.62882,0.850264,0.760761,0.324181,0.279363,0.414,1.0791,0.494474,0.305903,0.394711,1.48744,5.48938
"1 Feb 2010",2.37921,1.85768,0.910365,0.842271,0.327298,0.236931,0.458357,1.06725,0.492798,0.292477,0.369802,1.73011,5.16099
"1 Mar 2010",1.82406,1.51986,0.683957,0.734819,0.287662,0.181439,0.414,1.00327,0.494313,0.2565,0.309623,1.43584,4.55798
"1 Apr 2010",1.57522,1.38082,0.654907,0.656096,0.293867,0.125025,0.4278,1.03639,0.484896,0.284792,0.310478,1.33487,3.60663
"1 May 2010",1.52456,1.31404,0.460183,0.702031,0.27873,0.235652,0.414,1.73916,0.258792,0.13317,0.585199,1.45999,2.50972
"1 Jun 2010",1.76473,1.40854,0.127139,0.720872,0.409208,0.242935,0.4278,1.79291,0.642281,0.330507,0.603286,1.50237,3.07578
"1 Jul 2010",1.58162,1.23096,0.289743,0.612945,0.459962,0.242783,0.414,1.79179,0.597749,0.307592,0.602909,1.31578,2.9584
"1 Aug 2010",1.61926,1.28889,0.284946,0.658135,0.460612,0.247456,0.414,1.82628,0.712361,0.366569,0.614512,1.44661,3.13258
"1 Sep 2010",1.90367,1.51642,0.318245,0.723623,0.475503,0.253227,0.4278,2.01716,0.998869,0.514001,0.628843,1.66109,3.80332
"1 Oct 2010",2.00492,1.72785,0.415809,0.729722,0.541391,0.248193,0.414,2.04163,1.00943,0.519452,0.616344,1.73746,4.69539
"1 Nov 2010",2.32707,2.39337,0.624771,0.78612,0.385962,0.316668,0.4278,1.36496,0.645274,0.332215,0.411604,1.79538,5.22571
"1 Dec 2010",2.74169,3.27238,0.726209,0.760761,0.409834,0.383006,0.414,1.35231,0.66122,0.348962,0.400769,1.73746,5.9061
"1 Jan 2011",3.29984,3.91142,0.837607,0.760761,0.45206,0.275847,0.414,1.36494,0.624762,0.387507,0.394815,1.73746,5.7654
"1 Feb 2011",3.48506,4.09851,0.896087,0.842271,0.433787,0.23637,0.458357,1.37483,0.631371,0.381093,0.40145,1.92362,5.44387
"1 Mar 2011",2.60273,3.31764,0.688269,0.760761,0.393191,0.182694,0.414,1.29546,0.60805,0.357038,0.382906,1.73746,4.63691
"1 Apr 2011",2.18647,2.9478,0.670625,0.78612,0.361032,0.152851,0.4278,1.25995,0.602605,0.33117,0.379578,1.79538,3.87357
"1 May 2011",1.69912,2.41337,0.452539,0.692141,0.446617,0.230118,0.414,1.69832,0.788915,0.405963,0.571458,1.73746,3.1689
"1 Jun 2011",1.57642,2.17545,0.372325,0.696502,0.389596,0.246048,0.4278,1.81589,0.370716,0.190764,0.611016,1.79538,2.72994
"1 Jul 2011",1.51397,1.9013,0.0972316,0.672133,0.312489,0.272355,0.414,2.01004,0.302103,0.155457,0.676345,1.73746,2.73689
"1 Aug 2011",1.62131,1.77124,0.0804831,0.685598,0.507766,0.275122,0.414,2.03046,0.815292,0.419536,0.683216,1.68134,3.38648
"1 Sep 2011",2.14359,2.14229,0.367904,0.78612,0.578577,0.273429,0.4278,2.12362,1.04751,0.539029,0.679012,1.79538,4.14419
"1 Oct 2011",2.39712,2.44479,0.434362,0.760761,0.564557,0.270203,0.414,2.20702,1.09323,0.562575,0.671002,1.73746,4.72172
"1 Nov 2011",3.29855,3.50525,0.600579,0.78612,0.425355,0.31339,0.4278,1.54481,0.734319,0.377928,0.462719,1.79538,5.28756
"1 Dec 2011",4.3202,4.30969,0.698948,0.760761,0.463293,0.382358,0.414,1.49172,0.728975,0.383389,0.447029,1.73746,6.05172
"1 Jan 2012",4.01813,3.89739,0.87214,0.760761,0.497225,0.277817,0.414,1.4904,0.688102,0.417339,0.438479,1.73746,5.90399
"1 Feb 2012",3.59973,3.54652,0.912624,0.813228,0.471208,0.23665,0.442552,1.49259,0.6945,0.408409,0.440648,1.85729,5.47621
"1 Mar 2012",2.82537,2.82649,0.731332,0.760761,0.436786,0.182592,0.414,1.40643,0.659399,0.385838,0.420922,1.73746,4.7858
"1 Apr 2012",2.48524,2.55547,0.694668,0.78612,0.374377,0.172862,0.4278,1.38038,0.677596,0.348704,0.429273,1.79538,3.71731
"1 May 2012",2.24939,2.36258,0.44875,0.760761,0.471129,0.248132,0.414,1.83127,0.796464,0.409847,0.616192,1.73746,3.2463
"1 Jun 2012",2.16456,2.31162,0.37454,0.78612,0.424306,0.245921,0.4278,1.81495,0.67141,0.345497,0.610701,1.79538,3.19316
"1 Jul 2012",1.83549,1.96612,0.319787,0.68925,0.416748,0.240754,0.414,1.77682,0.666964,0.343208,0.597871,1.73746,3.10986
"1 Aug 2012",1.62459,1.73775,0.297215,0.6239,0.471348,0.238726,0.414,1.76185,0.803481,0.413458,0.592833,1.6393,3.24845
"1 Sep 2012",1.5547,1.69295,0.374134,0.590062,0.437657,0.237726,0.4278,1.92637,0.95321,0.490548,0.590349,1.59843,3.88012
"1 Oct 2012",1.41349,1.58786,0.448788,0.530251,0.516243,0.238118,0.414,1.9152,0.945703,0.486671,0.580619,1.46208,4.58147
"1 Nov 2012",1.66696,1.80351,0.631101,0.78612,0.350683,0.306649,0.4278,1.25927,0.593179,0.306671,0.377211,1.65408,5.04388
"1 Dec 2012",2.08318,1.96507,0.689181,0.760761,0.353554,0.384913,0.414,1.21822,0.600351,0.308931,0.405171,1.6949,5.85834
"1 Jan 2013",2.60348,2.06529,0.86204,0.760761,0.391727,0.274757,0.414,1.22676,0.572984,0.338389,0.410647,1.73746,5.63649
"1 Feb 2013",3.29176,2.46618,0.940042,0.842271,0.395239,0.236655,0.458357,1.26015,0.579656,0.349843,0.38162,1.92362,5.34171
"1 Mar 2013",2.69928,2.1818,0.700935,0.760761,0.340645,0.180052,0.414,1.15813,0.569101,0.296106,0.356646,1.73746,4.64047
"1 Apr 2013",2.23527,2.00067,0.63372,0.78612,0.338917,0.142686,0.4278,1.1704,0.555961,0.31321,0.354336,1.74798,3.77106
"1 May 2013",2.01774,1.80279,0.445905,0.760761,0.427457,0.236635,0.414,1.74642,0.569816,0.293218,0.587642,1.73746,2.79841
"1 Jun 2013",2.20932,1.81071,0.219463,0.78612,0.411752,0.238551,0.4278,1.76056,0.668606,0.344054,0.5924,1.75373,3.13656
"1 Jul 2013",2.09185,1.62404,0.302363,0.760761,0.39124,0.238541,0.414,1.76049,0.593202,0.305252,0.592375,1.61741,3.00522
"1 Aug 2013",2.0484,1.66493,0.263766,0.760761,0.472491,0.237004,0.414,1.74914,0.831334,0.42779,0.588558,1.73555,3.28376
"1 Sep 2013",2.03523,1.7843,0.373404,0.723859,0.398092,0.235883,0.4278,1.9529,0.953379,0.510224,0.585774,1.79179,3.83266
"1 Oct 2013",1.88858,1.78182,0.439582,0.708193,0.425421,0.235021,0.414,2.00224,0.938807,0.554137,0.576344,1.73746,4.52318
"1 Nov 2013",2.14613,2.22661,0.611342,0.78612,0.346289,0.302398,0.4278,1.24634,0.581352,0.302882,0.373267,1.79538,4.984
"1 Dec 2013",3.30695,3.26685,0.661737,0.760761,0.352952,0.375514,0.414,1.19633,0.589192,0.303226,0.408841,1.73746,5.7984
"1 Jan 2014",3.71529,3.75467,0.897939,0.760761,0.390384,0.268005,0.414,1.23295,0.573015,0.343925,0.391181,1.73746,5.56976
"1 Feb 2014",3.07621,3.43189,0.900045,0.842271,0.474896,0.22674,0.458357,1.18897,0.578216,0.299293,0.36663,1.92362,5.26193
"1 Mar 2014",2.11211,2.54107,0.662395,0.760761,0.365961,0.174703,0.414,1.20734,0.56847,0.335409,0.353593,1.73746,4.48179
"1 Apr 2014",1.74048,2.17891,0.62885,0.714819,0.310126,0.141479,0.4278,1.14172,0.558768,0.287562,0.351338,1.79538,3.76875
"1 May 2014",1.41814,1.81504,0.428268,0.607316,0.410145,0.224339,0.414,1.65567,0.697166,0.35875,0.557107,1.59673,3.02129
"1 Jun 2014",1.33426,1.68755,0.33792,0.581257,0.367234,0.234613,0.4278,1.73149,0.4037,0.207737,0.582619,1.52697,2.74772
"1 Jul 2014",1.2353,1.48672,0.173379,0.523784,0.456046,0.234422,0.414,1.73009,0.640135,0.329403,0.582145,1.38354,2.96563
"1 Aug 2014",1.22532,1.49742,0.289272,0.505982,0.457712,0.232516,0.414,1.71602,0.796056,0.409637,0.577413,1.44783,3.20542
"1 Sep 2014",1.26002,1.58443,0.385857,0.513415,0.486395,0.239504,0.4278,1.81893,0.898086,0.46214,0.594767,1.51656,3.59106
"1 Oct 2014",1.44675,1.70973,0.395008,0.691836,0.513146,0.236389,0.414,1.94125,0.96325,0.495781,0.587031,1.61584,4.5573
"1 Nov 2014",1.71542,1.96175,0.609737,0.697131,0.279331,0.299376,0.379373,1.28051,0.604483,0.311061,0.382733,1.59214,4.89714
"1 Dec 2014",1.69432,2.02233,0.665419,0.685066,0.368909,0.359575,0.372807,1.24634,0.614186,0.316465,0.374509,1.56459,5.59263
"1 Jan 2015",1.70017,2.06579,0.791278,0.689174,0.400143,0.260678,0.396653,1.26629,0.585899,0.354566,0.378287,1.66466,5.52185
"1 Feb 2015",1.67666,2.01648,0.88316,0.686957,0.3818,0.224368,0.395746,1.26351,0.591174,0.34029,0.375251,1.66085,5.16362
"1 Mar 2015",2.4869,2.9251,0.66818,0.760761,0.429322,0.187636,0.414,1.46951,0.734477,0.380356,0.465961,1.73746,3.72404
"1 Apr 2015",3.43889,4.22714,0.428912,0.78612,0.676937,0.263963,0.4278,1.9481,0.954545,0.491193,0.655505,1.79538,4.28575
"1 May 2015",2.65407,3.58089,0.452133,0.760761,0.457569,0.256739,0.414,1.89479,0.749248,0.38555,0.637566,1.73746,3.30437
"1 Jun 2015",2.23741,3.15078,0.364282,0.78612,0.41278,0.25418,0.4278,1.8759,0.62183,0.319983,0.63121,1.79538,3.19448
"1 Jul 2015",2.04743,2.66294,0.28868,0.760761,0.344444,0.275736,0.414,2.03499,0.354243,0.182288,0.684742,1.73746,2.85993
"1 Aug 2015",2.65574,2.66023,0.166852,0.760761,0.391634,0.341335,0.414,2.51913,0.304272,0.156573,0.847645,1.73746,3.02348
"1 Sep 2015",3.66478,2.95887,0.11362,0.78612,0.6634,0.337021,0.4278,2.48729,1.01103,0.520262,0.836933,1.79538,4.33077
"1 Oct 2015",4.04513,2.99772,0.42826,0.760761,0.705351,0.334572,0.414,2.46922,1.16576,0.599883,0.830851,1.73746,4.74456
"1 Nov 2015",4.32411,3.38027,0.515725,0.78612,0.681421,0.326031,0.4278,2.69161,1.33154,0.685301,0.80964,1.79538,5.63636
"1 Dec 2015",5.75853,5.35195,0.675943,0.760761,0.580525,0.356006,0.414,1.90141,0.911243,0.468974,0.577871,1.73746,6.13784
"1 Jan 2016",7.81228,7.61431,0.819304,0.760761,0.633609,0.255774,0.414,1.84898,0.875455,0.496683,0.560618,1.73746,5.9471
"1 Feb 2016",6.79173,7.16548,0.847028,0.813228,0.604582,0.22647,0.442552,1.84591,0.884595,0.482941,0.562398,1.85729,5.48602
"1 Mar 2016",4.56086,5.18692,0.661218,0.470607,0.705393,0.380313,0.2561,2.8068,1.16182,0.597853,0.944441,1.0748,5.26467
"1 Apr 2016",3.94162,4.43344,0.618787,0.703106,0.728906,0.568203,0.382624,4.28204,0.868649,0.446992,1.41103,1.60579,4.96989
"1 May 2016",4.02828,4.03073,0.415894,0.760761,0.705393,0.614797,0.414,4.53734,0.677024,0.348385,1.52674,1.73746,4.31423
"1 Jun 2016",4.51385,3.96444,0.34583,0.78612,0.728906,0.63529,0.4278,4.68858,0.342304,0.176144,1.57763,1.79538,3.91977
"1 Jul 2016",4.13862,3.34364,0.115293,0.66947,0.620746,0.541021,0.36432,3.99286,0.26398,0.13584,1.34353,1.52897,3.45673
"1 Aug 2016",4.11562,3.48,0.0890763,0.72318,0.705393,0.584426,0.393548,4.32267,0.708238,0.364448,1.45132,1.65163,4.34842
"1 Sep 2016",4.48755,4.37102,0.345773,0.78612,0.728906,0.63529,0.4278,4.68858,0.925071,0.476026,1.57763,1.79538,5.11424
"1 Oct 2016",5.84465,6.42987,0.408362,0.760761,0.705393,0.614797,0.414,4.53734,1.15243,0.593021,1.52674,1.73746,5.61354
"1 Nov 2016",6.58675,7.76543,0.558743,0.78612,0.728906,0.63529,0.4278,4.68858,1.45848,0.750508,1.57763,1.79538,6.37827
"1 Dec 2016",5.94388,6.76164,0.626491,0.760761,0.705393,0.614797,0.414,4.53734,1.6712,0.859973,1.52674,1.73746,7.05435
"1 Jan 2017",6.4172,7.1134,0.801238,0.760761,0.705393,0.614797,0.414,4.53734,1.47902,0.761081,1.52674,1.73746,6.81804
"1 Feb 2017",6.24564,7.49025,0.847693,0.842271,0.780971,0.680668,0.458357,5.02348,1.3781,0.709148,1.69032,1.92362,6.7491
"1 Mar 2017",4.2351,5.54031,0.639594,0.760761,0.705393,0.614797,0.414,4.53734,1.11844,0.575533,1.52674,1.73746,5.81438
"1 Apr 2017",3.30987,4.61342,0.598936,0.681566,0.728906,0.550796,0.370903,4.065,0.791333,0.407207,1.36781,1.55659,4.83713
"1 May 2017",3.75097,4.283,0.386983,0.760761,0.705393,0.614797,0.414,4.53734,0.645165,0.331991,1.52674,1.73746,4.32279
"1 Jun 2017",5.77627,4.91914,0.332564,0.78612,0.728906,0.63529,0.4278,4.68858,0.53217,0.273846,1.57763,1.79538,4.43271
"1 Jul 2017",6.17002,4.99852,0.269846,0.760761,0.705393,0.614797,0.414,4.53734,0.530296,0.272882,1.52674,1.73746,4.33691
"1 Aug 2017",5.67175,4.6634,0.265512,0.760761,0.705393,0.614797,0.414,4.53734,0.669087,0.344301,1.52674,1.73746,4.56604
"1 Sep 2017",5.38429,4.60466,0.33204,0.78612,0.728906,0.63529,0.4278,4.68858,0.881218,0.45346,1.57763,1.79538,5.23384
"1 Oct 2017",5.32326,5.31301,0.392023,0.760761,0.705393,0.614797,0.414,4.53734,1.14664,0.590042,1.52674,1.73746,5.7032
"1 Nov 2017",6.42359,7.27862,0.543719,0.78612,0.728906,0.63529,0.4278,4.68858,1.38834,0.714416,1.57763,1.79538,6.39238
"1 Dec 2017",8.25577,9.51952,0.599541,0.760761,0.705393,0.614797,0.414,4.53734,1.59047,0.818428,1.52674,1.73746,7.00763
"1 Jan 2018",7.71341,9.64007,0.765642,0.760761,0.705393,0.614797,0.414,4.53734,1.40759,0.724322,1.52674,1.73746,6.76667
"1 Feb 2018",6.12283,8.19528,0.81006,0.842271,0.780971,0.680668,0.458357,5.02348,1.31184,0.675049,1.69032,1.92362,6.71591
"1 Mar 2018",4.1357,5.83194,0.611837,0.760761,0.705393,0.614797,0.414,4.53734,1.06483,0.547943,1.52674,1.73746,5.79836
"1 Apr 2018",3.40668,4.91086,0.573308,0.78612,0.728906,0.63529,0.4278,4.68858,0.77738,0.366277,1.57763,1.79538,5.04488
"1 May 2018",2.67733,3.94994,0.365399,0.711616,0.659825,0.575081,0.387256,4.24422,0.447889,0.211031,1.42811,1.62522,3.78063
"1 Jun 2018",2.54401,3.58072,0.183564,0.705307,0.653974,0.569982,0.383822,4.20659,0.500531,0.235835,1.41545,1.61081,3.92865
"1 Jul 2018",2.34458,3.07156,0.24817,0.626943,0.581314,0.506654,0.341177,3.73922,0.455128,0.214442,1.25819,1.43184,3.62724
"1 Aug 2018",2.25253,2.806,0.213985,0.59773,0.671508,0.483046,0.32528,3.56498,0.634455,0.298936,1.19956,1.36513,3.7964
"1 Sep 2018",2.35093,2.86603,0.305314,0.604055,0.728824,0.488157,0.328722,3.6027,0.827988,0.390123,1.21225,1.37957,4.43583
"1 Oct 2018",2.32171,2.76395,0.359229,0.573005,0.705393,0.463065,0.311825,3.41752,1.07686,0.507383,1.14994,1.30866,4.99369
"1 Nov 2018",3.2095,3.23385,0.497121,0.716391,0.728906,0.57894,0.389854,4.38529,1.30354,0.614189,1.57763,1.63613,5.85718
"1 Dec 2018",3.49143,3.27706,0.547833,0.611728,0.705393,0.494358,0.332897,3.64847,1.49298,0.703447,1.40136,1.3971,6.48138
"1 Jan 2019",2.96789,2.85536,0.698426,0.558475,0.705393,0.451322,0.303917,3.33086,1.32133,0.622569,1.12078,1.27547,6.21558
"1 Feb 2019",2.8517,2.78587,0.738632,0.560532,0.780971,0.452984,0.305037,3.34312,1.23172,0.580347,1.12491,1.28017,5.8426
"1 Mar 2019",2.15583,2.20247,0.558503,0.450142,0.705393,0.363775,0.244964,2.68474,0.999949,0.471145,0.903371,1.02806,4.78255
