Nodes and Reaches,Q_AguaV  2 \ Reach,Q_AguaV  4 \ Reach,Q_AS1  2 \ Reach,Q_AS2  2 \ Reach,Q_Cam  2 \ Reach,Q_Chanch  2 \ Reach,Q_DelP  2 \ Reach,Q_Honda  2 \ Reach,Q_Mait  2 \ Reach,Q_S_N_2  2 \ Reach,Q_S_N_3  2 \ Reach,Q_S_N_5  2 \ Reach,Q_S_N_6  2 \ Reach,Q_S_N_7  2 \ Reach,Q_S_N1  2 \ Reach
1 Apr 1994,0.0746771,0.224723,0.0459915,0.0459915,0.545189,0.0782882,0.0397631,0.459576,0.150046,0.0687284,0.0249064,0.0498885,0.0253055,0.0500984,0.195971
01-may-94,0.0679652,0.203452,0.0415912,0.0415912,0.48532,0.0648854,0.0331396,0.40958,0.135487,0.0624615,0.0221448,0.0446121,0.0227814,0.0443018,0.175295
01-jun-94,0.0690015,0.202047,0.0409001,0.0409001,0.46902,0.0584205,0.0658958,0.416084,0.133046,0.0616887,0.0424958,0.0647458,0.0223088,0.0427959,0.170029
01-jul-94,0.0634584,0.186026,0.0379163,0.0379163,0.431205,0.0503342,0.0610947,0.363494,0.122568,0.0576381,0.0411003,0.0468847,0.0207754,0.0395247,0.154828
1 Aug 1994,0.0599328,0.17532,0.0357581,0.0357581,0.40532,0.0454723,0.0351532,0.334806,0.115387,0.0552012,0.0263846,0.0392574,0.0197812,0.0372424,0.144489
01-sept-94,0.0584958,0.170573,0.0347581,0.0347581,0.389514,0.0780556,0.0257266,0.320834,0.112077,0.054304,0.0206022,0.0362116,0.0192387,0.0357175,0.139205
01-oct-94,0.0536608,0.155975,0.0317498,0.0317498,0.351111,0.106078,0.0201552,0.289563,0.102314,0.0501098,0.0166594,0.0323303,0.01752,0.0320656,0.126035
01-nov-94,0.052902,0.153306,0.0311609,0.0311609,0.340411,0.111073,0.0185984,0.281249,0.100404,0.0496725,0.0159148,0.0316211,0.0171465,0.0309868,0.122619
1 Dec 1994,0.0490367,0.141785,0.0287665,0.0287665,0.310901,0.107181,0.0163326,0.257231,0.0927479,0.0463362,0.0145025,0.0292342,0.0158075,0.0282516,0.112164
1 Jan 1995,0.0469635,0.135531,0.0274381,0.0274381,0.293866,0.10076,0.01485,0.243429,0.0885674,0.0446673,0.0136992,0.0279473,0.0150818,0.0266696,0.106045
01-feb-95,0.0497164,0.143154,0.0289172,0.0289172,0.307219,0.10378,0.0149048,0.254801,0.0934379,0.047512,0.014301,0.0294515,0.0159122,0.0278337,0.110911
01-mar-95,0.0427221,0.122663,0.0247351,0.0247351,0.260516,0.0867753,0.0120551,0.216352,0.079941,0.0409095,0.0120946,0.0250703,0.0136091,0.0235109,0.0942141
1 Apr 1995,0.0417596,0.119478,0.024066,0.024066,0.250905,0.0828584,0.0109942,0.208674,0.0777187,0.0399946,0.0116073,0.0241873,0.0132093,0.0224928,0.0910594
01-may-95,0.0381075,0.108619,0.0218601,0.0218601,0.225367,0.0743007,0.0093156,0.187718,0.0705119,0.0364965,0.0103852,0.0217665,0.0119511,0.0200353,0.082186
01-jun-95,0.0370745,0.105285,0.0211714,0.0211714,0.215915,0.071544,0.00840544,0.180022,0.0682103,0.0355239,0.00990575,0.0208899,0.011525,0.0190139,0.0791138
01-jul-95,0.0338553,0.095796,0.019245,0.019245,0.19453,0.0649657,0.00715352,0.162166,0.0619407,0.0324308,0.00888269,0.0188105,0.0104436,0.0169717,0.0715405
1 Aug 1995,0.0320428,0.0903392,0.0181334,0.0181334,0.181667,0.0612429,0.0063386,0.151425,0.0582964,0.0306809,0.00826422,0.0175688,0.00980731,0.0157115,0.0670904
01-sept-95,0.0314415,0.0884064,0.0177302,0.0177302,0.176417,0.0598904,0.00584803,0.147769,0.0569649,0.0301382,0.00797805,0.0172695,0.00957388,0.0151493,0.065245
01-oct-95,0.0290006,0.0813766,0.0163066,0.0163066,0.161207,0.0559898,0.00509991,0.134867,0.052376,0.0279125,0.00724933,0.0156999,0.00879387,0.0137644,0.0596558
01-nov-95,0.0287029,0.0803738,0.016092,0.016092,0.157689,0.0573302,0.00480733,0.132051,0.0516709,0.0278057,0.00708102,0.0154716,0.00865116,0.0133995,0.0585166
1 Dec 1995,0.0267261,0.0747283,0.0149407,0.0149407,0.145369,0.056623,0.0042957,0.1219,0.0480022,0.0260669,0.00652072,0.014399,0.008023,0.0123165,0.0540024
1 Jan 1996,0.0257186,0.0718178,0.0143324,0.0143324,0.138694,0.0562455,0.00397383,0.116452,0.0460992,0.0252485,0.00621121,0.0138557,0.00770232,0.0117251,0.0515356
01-feb-96,0.0263774,0.0735382,0.0146503,0.0146503,0.14103,0.0575778,0.00390411,0.118561,0.0471608,0.0260338,0.00630176,0.0141774,0.00787851,0.0118829,0.0524485
01-mar-96,0.023541,0.0654918,0.013032,0.013032,0.124654,0.0515808,0.00330849,0.104922,0.0419508,0.0233009,0.005551,0.0125647,0.00700205,0.0104443,0.046455
1 Apr 1996,0.023128,0.0641469,0.0127603,0.0127603,0.121764,0.0509074,0.0031636,0.103162,0.0410189,0.0229461,0.00546219,0.0127324,0.00686296,0.0101277,0.0452712
01-may-96,0.0212267,0.0586904,0.0116787,0.0116787,0.111086,0.0470662,0.00265338,0.0940375,0.0374638,0.0211134,0.00486163,0.0111514,0.00628088,0.00916551,0.0412444
01-jun-96,0.0208048,0.0573519,0.0114097,0.0114097,0.107687,0.0465455,0.00243723,0.0911227,0.0365471,0.0206865,0.00467905,0.0107377,0.00611593,0.00880945,0.0401497
01-jul-96,0.0191188,0.0524892,0.0104298,0.0104298,0.0977565,0.0431724,0.00752382,0.0826632,0.0333704,0.0190372,0.0094568,0.0097183,0.0055715,0.00791835,0.0365793
1 Aug 1996,0.0193523,0.0519509,0.0103281,0.0103281,0.0975526,0.0414344,0.0321733,0.083657,0.0325986,0.0192084,0.0295218,0.0229377,0.00549559,0.00787847,0.036695
01-sept-96,0.0202611,0.0536499,0.010717,0.010717,0.102308,0.0411524,0.0145495,0.0847816,0.0333888,0.0204159,0.0147273,0.0144745,0.00570367,0.00831107,0.038919
01-oct-96,0.0191018,0.0502753,0.0100008,0.0100008,0.0951109,0.0383886,0.00609733,0.0776142,0.0311735,0.0194497,0.00722129,0.0102944,0.00533602,0.00775411,0.0367066
01-nov-96,0.0190277,0.0499576,0.0099152,0.0099152,0.0936065,0.0660752,0.00449579,0.0763742,0.0309298,0.0195263,0.00542851,0.00939626,0.00528368,0.00761535,0.0364105
1 Dec 1996,0.0177605,0.0465855,0.00923268,0.00923268,0.0866667,0.0912911,0.00385913,0.0708128,0.028825,0.0183664,0.00465423,0.00862134,0.00491603,0.00702901,0.0337793
1 Jan 1997,0.017111,0.0448588,0.00887638,0.00887638,0.083004,0.0892033,0.00356715,0.0679025,0.0277478,0.0178258,0.00440554,0.0083029,0.0047307,0.00671098,0.0323333
01-feb-97,0.0181897,0.0476598,0.00941791,0.00941791,0.0877447,0.0941472,0.00362667,0.0718684,0.0294701,0.0190701,0.00463108,0.00882416,0.00502356,0.00706453,0.0341616
01-mar-97,0.0156722,0.0410178,0.00809819,0.00809819,0.0750997,0.0814113,0.00295969,0.0616051,0.0253456,0.0165051,0.00393866,0.0075681,0.00431847,0.00600814,0.0292541
1 Apr 1997,0.0153517,0.0401034,0.00791366,0.00791366,0.0729379,0.0810467,0.00271872,0.059914,0.0247517,0.0162117,0.00379792,0.00735015,0.00421161,0.0057843,0.0284776
01-may-97,0.0140304,0.0365716,0.00721397,0.00721397,0.0661369,0.0743645,0.00231782,0.0543395,0.0225412,0.0148387,0.00341251,0.00664359,0.00383147,0.00519008,0.0258723
01-jun-97,0.039402,0.108357,0.0199428,0.0199428,0.154465,0.0723245,0.782242,0.203789,0.0689549,0.0379257,0.379183,0.430355,0.0107628,0.0214655,0.0558885
01-jul-97,0.0585458,0.190977,0.0363216,0.0363216,0.272784,0.0661186,0.329536,0.23287,0.132431,0.0682799,0.169916,0.165839,0.0210027,0.0479241,0.0972204
1 Aug 1997,0.28858,0.675247,0.0736399,0.0736399,0.5268,0.0789886,2.48224,1.1406,0.386667,0.20077,1.05913,1.19131,0.0797723,0.23822,0.227038
01-sept-97,0.249425,0.744977,0.120088,0.120088,0.815992,0.0946173,0.55179,0.61353,0.495552,0.248586,0.326564,0.413677,0.100635,0.280681,0.339885
01-oct-97,0.200401,0.645588,0.1159,0.1159,0.76601,0.0865939,0.239675,0.575743,0.445187,0.220214,0.129287,0.197653,0.0855541,0.220384,0.331204
01-nov-97,0.176109,0.599944,0.114514,0.114514,0.743495,6.11987,0.128743,0.528503,0.423835,0.208456,0.0656775,0.108079,0.0809225,0.20086,0.323972
1 Dec 1997,0.159418,0.543337,0.104166,0.104166,0.67121,6.67357,0.0997039,0.478887,0.38392,0.190022,0.0471785,0.0853439,0.0729215,0.176705,0.292454
1 Jan 1998,0.151088,0.511403,0.0978364,0.0978364,0.626198,2.14413,0.0868227,0.448663,0.360315,0.179869,0.0431739,0.0799238,0.0682415,0.161987,0.271884
01-feb-98,0.158321,0.532292,0.101622,0.101622,0.646689,1.88646,0.0837475,0.465133,0.373971,0.188026,0.0443576,0.0830659,0.0706944,0.164484,0.27979
01-mar-98,0.134825,0.450034,0.0857897,0.0857897,0.542372,1.41281,0.065432,0.391521,0.315209,0.159296,0.0369838,0.069804,0.0594594,0.135529,0.234249
1 Apr 1998,0.13076,0.433248,0.0824892,0.0824892,0.518202,1.14646,0.0579603,0.379417,0.302487,0.153491,0.0350627,0.066537,0.0570494,0.127353,0.223524
01-may-98,0.118524,0.38975,0.0741379,0.0741379,0.462694,0.900638,0.0479503,0.337484,0.271226,0.138104,0.0310545,0.0591954,0.0510167,0.111476,0.199548
01-jun-98,0.13118,0.410098,0.0739869,0.0739869,0.470093,0.766169,0.164697,0.413927,0.278918,0.142601,0.0999263,0.130796,0.0560903,0.122768,0.195605
01-jul-98,0.115783,0.37678,0.0703263,0.0703263,0.453928,0.62074,0.065124,0.372088,0.260997,0.130437,0.0456956,0.0866614,0.0553401,0.121074,0.17956
1 Aug 1998,0.108287,0.355149,0.0669153,0.0669153,0.427823,0.52764,0.0442111,0.329886,0.246861,0.122835,0.0328543,0.0630108,0.0528442,0.114164,0.168035
01-sept-98,0.105411,0.345159,0.0651235,0.0651235,0.412747,0.470633,0.0360911,0.317183,0.239748,0.119497,0.0279419,0.0539923,0.0512751,0.108963,0.16239
01-oct-98,0.0964878,0.314634,0.059366,0.059366,0.373074,0.581941,0.0295545,0.286789,0.218146,0.109364,0.0237117,0.0461619,0.0464251,0.096978,0.147275
01-nov-98,0.0948866,0.307768,0.0580363,0.0580363,0.361825,0.754618,0.0270468,0.278592,0.212881,0.107558,0.0224954,0.0443198,0.0450243,0.0925316,0.14327
1 Dec 1998,0.0877662,0.283218,0.0533449,0.0533449,0.330509,0.750642,0.0236745,0.255057,0.195452,0.0995449,0.0204232,0.040684,0.0411328,0.0832986,0.13111
1 Jan 1999,0.0839068,0.269449,0.0506728,0.0506728,0.312457,0.624526,0.0215012,0.241667,0.185542,0.0952277,0.0192552,0.0387567,0.0389027,0.0776841,0.124044
01-feb-99,0.0886045,0.283206,0.0531808,0.0531808,0.326605,0.60501,0.021524,0.253141,0.194602,0.100499,0.0200625,0.0407122,0.0406829,0.0800971,0.129671
01-mar-99,0.0773514,0.243235,0.0453129,0.0453129,0.281056,0.518679,0.0396726,0.221231,0.165884,0.086878,0.0322846,0.0347497,0.0348462,0.0676647,0.111217
1 Apr 1999,0.0751466,0.236022,0.0439684,0.0439684,0.275284,0.468881,0.0178716,0.213154,0.160876,0.0848194,0.0182554,0.033319,0.033794,0.0646813,0.108632
01-may-99,0.0685555,0.21427,0.0398607,0.0398607,0.248067,0.392331,0.0147566,0.193767,0.145715,0.0770856,0.0153859,0.0299384,0.030522,0.0574593,0.0983031
01-jun-99,0.0704348,0.214832,0.0396173,0.0396173,0.246353,0.354111,0.0495586,0.205706,0.144397,0.0766663,0.0404074,0.0554942,0.0304205,0.0566964,0.097218
01-jul-99,0.0653155,0.200062,0.0373226,0.0373226,0.232932,0.30253,0.032808,0.190381,0.134746,0.0716342,0.0287106,0.0394019,0.0283477,0.0525642,0.0907762
1 Aug 1999,0.0640173,0.194061,0.0360572,0.0360572,0.224086,0.269438,0.0358463,0.182687,0.130044,0.069201,0.0307061,0.0444392,0.0270353,0.0496487,0.0864147
01-sept-99,0.0653002,0.199402,0.0370081,0.0370081,0.228544,0.250137,0.0334073,0.191647,0.134101,0.0701956,0.0289143,0.0616154,0.0279931,0.0514618,0.0855143
01-oct-99,0.0623932,0.197524,0.0366471,0.0366471,0.222433,0.221377,0.0233783,0.186415,0.135131,0.0671528,0.021344,0.0690942,0.0278785,0.0519097,0.0796345
01-nov-99,0.0615907,0.201372,0.0376132,0.0376132,0.224212,0.281088,0.0140331,0.182526,0.139781,0.0675563,0.0144666,0.0347709,0.0283264,0.0528789,0.0787735
1 Dec 1999,0.057102,0.186953,0.0347712,0.0347712,0.206377,0.365166,0.0114116,0.168031,0.129851,0.063088,0.0118921,0.0258467,0.0261915,0.0484356,0.0727024
1 Jan 2000,0.0547383,0.178547,0.0331504,0.0331504,0.196179,0.361352,0.010455,0.160007,0.123809,0.0606657,0.0111484,0.0242899,0.02492,0.0455653,0.0692462
01-feb-00,0.0559207,0.181674,0.033683,0.033683,0.198904,0.348194,0.0101855,0.162488,0.125753,0.0620817,0.0112563,0.0247087,0.0252824,0.0456801,0.0703081
01-mar-00,0.0497215,0.160828,0.0297884,0.0297884,0.175346,0.292136,0.00856437,0.143471,0.111106,0.05518,0.0098759,0.0217894,0.0223006,0.0397517,0.0621173
1 Apr 2000,0.0486192,0.156478,0.0289698,0.0289698,0.169634,0.270056,0.00786138,0.139007,0.107858,0.0538515,0.00950868,0.0210601,0.0215809,0.0378903,0.060358
01-may-00,0.05468,0.1693,0.0307355,0.0307355,0.176902,0.234794,0.108802,0.175808,0.11462,0.055777,0.0799724,0.133381,0.0229415,0.0413198,0.0625198
01-jun-00,0.0825343,0.249409,0.043679,0.043679,0.2482,0.219549,0.37211,0.311433,0.166874,0.0774333,0.216454,0.284751,0.0332773,0.0655432,0.0897805
01-jul-00,0.0962418,0.302049,0.0540632,0.0540632,0.319259,0.193456,0.307725,0.336702,0.205808,0.0954032,0.169951,0.201227,0.0439184,0.0932721,0.11653
1 Aug 2000,0.0936242,0.308454,0.0571076,0.0571076,0.351088,0.17694,0.129547,0.290852,0.21483,0.100839,0.0782572,0.0997245,0.0471274,0.101913,0.127823
01-sept-00,0.0938742,0.309794,0.0574124,0.0574124,0.353932,0.168091,0.0875212,0.284063,0.215919,0.102676,0.0530783,0.0733997,0.0472616,0.101341,0.131672
01-oct-00,0.0856149,0.284591,0.0530765,0.0530765,0.324752,0.366575,0.0472913,0.256431,0.198976,0.0954719,0.0291211,0.0488314,0.0432407,0.0913844,0.122953
01-nov-00,0.0840363,0.279022,0.0520748,0.0520748,0.316173,1.12509,0.0369039,0.249733,0.194985,0.0944448,0.0220353,0.0419228,0.0420872,0.0875841,0.120804
1 Dec 2000,0.0777449,0.257032,0.0479275,0.0479275,0.289215,1.4926,0.0313232,0.228979,0.179287,0.0876378,0.0188511,0.0375116,0.0384969,0.0789535,0.110879
1 Jan 2001,0.0743272,0.244617,0.0455417,0.0455417,0.27373,0.99111,0.0281856,0.217223,0.17029,0.0839751,0.0175665,0.0355689,0.0364347,0.0736802,0.104996
01-feb-01,0.0784838,0.257108,0.0477902,0.0477902,0.286376,0.928414,0.0280249,0.227748,0.178624,0.0887376,0.0182827,0.0373699,0.0381228,0.0760069,0.109846
01-mar-01,0.0684763,0.222271,0.0410368,0.0410368,0.249297,0.905989,0.0466174,0.205964,0.153795,0.0773675,0.0297998,0.0414598,0.0330853,0.0652005,0.0938015
1 Apr 2001,0.066505,0.216381,0.0401046,0.0401046,0.246556,0.756146,0.0217697,0.198186,0.149876,0.0758353,0.0160262,0.0313426,0.0322109,0.0626779,0.0911728
01-may-01,0.0606269,0.196165,0.0363325,0.0363325,0.222087,0.613732,0.018384,0.178678,0.135538,0.068881,0.013799,0.0278504,0.0290269,0.0555122,0.0824727
01-jun-01,0.0590405,0.18996,0.0351722,0.0351722,0.21363,0.538017,0.0166004,0.172066,0.130919,0.066811,0.0131326,0.0266954,0.02792,0.0524788,0.0797126
01-jul-01,0.0538426,0.172273,0.0318947,0.0318947,0.192384,0.446692,0.0140464,0.155137,0.11843,0.0607396,0.0117474,0.0240163,0.0251376,0.0464389,0.0721543
1 Aug 2001,0.0616234,0.17992,0.0325327,0.0325327,0.196672,0.387829,0.139508,0.176271,0.118297,0.0623193,0.0887586,0.0904984,0.0251805,0.0464863,0.0771819
01-sept-01,0.0630729,0.1856,0.0348098,0.0348098,0.211702,0.352615,0.0514842,0.174209,0.122527,0.0659232,0.0372949,0.0449468,0.0259405,0.0482296,0.0872415
01-oct-01,0.0588542,0.172848,0.0324147,0.0324147,0.196804,0.456511,0.026566,0.158616,0.113993,0.0622883,0.0206872,0.0301337,0.0240188,0.0442906,0.0834125
01-nov-01,0.0580613,0.170373,0.0319282,0.0319282,0.192689,0.540123,0.0183487,0.155069,0.112312,0.0620505,0.0140536,0.0250108,0.0235438,0.0429155,0.082809
1 Dec 2001,0.0538676,0.15767,0.0294944,0.0294944,0.180015,0.514901,0.0165069,0.144148,0.103802,0.0580645,0.0124679,0.0225368,0.0218067,0.0393593,0.0764053
1 Jan 2002,0.0516245,0.150732,0.0281431,0.0281431,0.173962,0.447454,0.0143833,0.137582,0.0991073,0.0559946,0.0112795,0.021544,0.0208474,0.0372816,0.0726617
01-feb-02,0.0546718,0.159174,0.029674,0.029674,0.182856,0.437806,0.0144606,0.144916,0.104502,0.0594387,0.0117827,0.0227605,0.021938,0.0387859,0.0763562
01-mar-02,0.0469131,0.136158,0.0253514,0.0253514,0.155636,0.349895,0.0116758,0.123572,0.0892451,0.0510405,0.00996886,0.0193997,0.0186906,0.0326078,0.0650235
1 Apr 2002,0.0518129,0.151113,0.0275081,0.0275081,0.172796,0.3206,0.0855228,0.14995,0.0993002,0.0553237,0.0567774,0.0948075,0.0206562,0.0367997,0.0663399
01-may-02,0.0953181,0.238818,0.0388351,0.0388351,0.271832,0.276924,0.63392,0.331566,0.1435,0.082236,0.330565,0.335559,0.0345178,0.0704562,0.0981754
01-jun-02,0.107095,0.302258,0.0538804,0.0538804,0.405428,0.257238,0.361652,0.363993,0.195163,0.112152,0.190277,0.183867,0.0483071,0.106236,0.144519
01-jul-02,0.149876,0.390959,0.0621785,0.0621785,0.491136,0.225273,0.755197,0.5268,0.241083,0.146668,0.364501,0.319444,0.0659509,0.153959,0.165128
1 Aug 2002,0.235509,0.557113,0.0803554,0.0803554,0.635469,0.204892,0.929637,0.69981,0.321605,0.199841,0.448301,0.431933,0.0912149,0.224285,0.219161
01-sept-02,0.195609,0.535673,0.0931624,0.0931624,0.715509,0.195481,0.29361,0.490799,0.340064,0.201249,0.169855,0.177763,0.0875748,0.208129,0.2545
01-oct-02,0.158458,0.468694,0.0866745,0.0866745,0.655283,4.12343,0.116575,0.440435,0.310236,0.181018,0.0678517,0.0892249,0.0760357,0.174548,0.238436
01-nov-02,0.150401,0.451535,0.0844471,0.0844471,0.630085,6.09344,0.0846497,0.425108,0.301135,0.175806,0.0435073,0.0669749,0.0726408,0.163029,0.231554
1 Dec 2002,0.138467,0.413691,0.0772551,0.0772551,0.570523,2.77833,0.0717906,0.386884,0.275224,0.16146,0.0372354,0.0594769,0.0658763,0.145134,0.210412
1 Jan 2003,0.1318,0.391774,0.0730264,0.0730264,0.534569,1.90593,0.0635275,0.364239,0.259973,0.153366,0.0346273,0.0562171,0.0618448,0.133872,0.197597
01-feb-03,0.138579,0.409872,0.0762579,0.0762579,0.553935,1.55718,0.0620961,0.379088,0.271293,0.160811,0.0357673,0.0587657,0.0642105,0.136586,0.205128
01-mar-03,0.118265,0.347976,0.0646408,0.0646408,0.465752,1.14108,0.0489994,0.320042,0.229711,0.136657,0.02995,0.0496726,0.0540827,0.112944,0.172887
1 Apr 2003,0.114934,0.336262,0.0624078,0.0624078,0.445386,0.959992,0.0437901,0.307206,0.221328,0.132079,0.0285078,0.0476532,0.051794,0.106068,0.16594
01-may-03,0.112372,0.312263,0.0568552,0.0568552,0.402815,0.76474,0.117948,0.282325,0.199891,0.12153,0.0725489,0.0561425,0.0466428,0.0937198,0.154866
01-jun-03,0.106583,0.298908,0.0552944,0.0552944,0.389259,0.661833,0.0518542,0.267816,0.192325,0.117476,0.0374544,0.0445737,0.0445837,0.0879117,0.153841
01-jul-03,0.096415,0.269854,0.0499866,0.0499866,0.34962,0.54176,0.0407,0.24019,0.173439,0.106638,0.029769,0.0384065,0.0400108,0.0774414,0.139362
1 Aug 2003,0.0904996,0.252241,0.0467122,0.0467122,0.324546,0.465304,0.0303219,0.222863,0.161742,0.0999231,0.0237758,0.0348896,0.0371057,0.0705276,0.129804
01-sept-03,0.0880791,0.244467,0.0452616,0.0452616,0.311519,0.418156,0.0256421,0.214492,0.156388,0.0971485,0.0211231,0.0333497,0.0356448,0.0665806,0.12518
01-oct-03,0.080703,0.223144,0.0412926,0.0412926,0.281542,0.474186,0.021662,0.194537,0.142441,0.0890132,0.01865,0.0303277,0.0322521,0.0592977,0.113536
01-nov-03,0.0793584,0.218722,0.0404282,0.0404282,0.273508,0.479992,0.0200123,0.189666,0.139363,0.087684,0.017954,0.0297414,0.0313676,0.0568711,0.110517
1 Dec 2003,0.0734976,0.20196,0.0372894,0.0372894,0.250376,0.408311,0.0176208,0.174284,0.128462,0.0813706,0.016397,0.027555,0.0287475,0.0514856,0.10139
1 Jan 2004,0.0703693,0.192815,0.0355578,0.0355578,0.237242,0.362519,0.016074,0.16575,0.122445,0.0780511,0.0155072,0.0263917,0.0272752,0.0482826,0.0962265
01-feb-04,0.0717521,0.196072,0.0361006,0.0361006,0.239856,0.346642,0.0155546,0.168123,0.12432,0.0796735,0.0156086,0.0268486,0.0276183,0.0483074,0.0972945
01-mar-04,0.0637209,0.173572,0.0318883,0.0318883,0.212878,0.31436,0.0145847,0.150243,0.109851,0.0708277,0.0148389,0.0236607,0.0245885,0.0425407,0.0855753
1 Apr 2004,0.0622311,0.168961,0.0310231,0.0310231,0.207588,0.297012,0.0119764,0.145863,0.10673,0.069037,0.0131849,0.0228691,0.0239394,0.0409475,0.08288
01-may-04,0.0569512,0.154253,0.0283647,0.0283647,0.189149,0.257159,0.0104869,0.136347,0.0973021,0.0630115,0.012012,0.0238908,0.0218076,0.0368082,0.0751766
01-jun-04,0.0554799,0.150097,0.0276578,0.0276578,0.184133,0.239226,0.00937056,0.132587,0.0946169,0.0613499,0.0113698,0.0209554,0.0211829,0.0353151,0.0727006
01-jul-04,0.0787,0.19736,0.0329639,0.0329639,0.231678,0.209781,0.355516,0.255111,0.11866,0.0761615,0.226781,0.224245,0.0274528,0.049515,0.0885237
1 Aug 2004,0.0901568,0.243732,0.0427494,0.0427494,0.303859,0.191284,0.217442,0.241166,0.153576,0.0940629,0.132355,0.144752,0.0343488,0.067211,0.115235
01-sept-04,0.0937905,0.260567,0.0467716,0.0467716,0.31751,0.226762,0.110682,0.232382,0.166777,0.100864,0.0736339,0.0924248,0.0360018,0.0712091,0.126105
01-oct-04,0.0851381,0.242498,0.0443044,0.0443044,0.292188,0.275114,0.0470561,0.210893,0.15736,0.0950429,0.0328814,0.0514169,0.0332751,0.0652726,0.119498
01-nov-04,0.0831165,0.238211,0.0436651,0.0436651,0.284319,0.534618,0.0338039,0.205713,0.155095,0.0940999,0.0221788,0.0373091,0.0324926,0.0628943,0.117655
1 Dec 2004,0.0768556,0.219806,0.0402539,0.0402539,0.260119,0.59176,0.0285996,0.188868,0.142951,0.087279,0.0184456,0.0323193,0.0297768,0.0568914,0.108046
1 Jan 2005,0.0735644,0.209707,0.0383651,0.0383651,0.24626,0.50519,0.0258762,0.179473,0.136142,0.0836246,0.0172895,0.0307684,0.0282385,0.0532777,0.102421
01-feb-05,0.0777968,0.221063,0.0404007,0.0404007,0.257898,0.48986,0.0258327,0.188607,0.143266,0.08839,0.0180262,0.0324,0.0296242,0.0551889,0.107315
01-mar-05,0.0667503,0.188994,0.0345197,0.0345197,0.218904,0.395243,0.0207766,0.160603,0.122244,0.0756728,0.0152293,0.0275819,0.02518,0.0462448,0.0912429
1 Apr 2005,0.0651798,0.184334,0.0335684,0.0335684,0.21383,0.359265,0.0188796,0.165784,0.119154,0.0736215,0.0146126,0.0266329,0.0262831,0.0483368,0.0883079
01-may-05,0.0598066,0.168259,0.0305217,0.0305217,0.196179,0.306561,0.0277136,0.150915,0.108453,0.0671091,0.0205228,0.0239997,0.0249761,0.0461462,0.0800792
01-jun-05,0.0583137,0.16332,0.029632,0.029632,0.189704,0.2814,0.0179741,0.145217,0.105007,0.0652712,0.015029,0.0230921,0.0241427,0.0439425,0.0775154
01-jul-05,0.059173,0.161478,0.0289306,0.0289306,0.183409,0.243888,0.0717596,0.154073,0.102305,0.0625803,0.0492417,0.0739897,0.0235343,0.0429155,0.0733852
1 Aug 2005,0.0680914,0.186078,0.0331209,0.0331209,0.205683,0.22004,0.140036,0.183764,0.117986,0.0678442,0.0889509,0.134285,0.026383,0.0497577,0.0792992
01-sept-05,0.0691971,0.201555,0.0373249,0.0373249,0.228005,0.206738,0.0491335,0.186681,0.132358,0.0726235,0.0360701,0.0659545,0.0285826,0.0551088,0.0866601
01-oct-05,0.0641032,0.189717,0.0352164,0.0352164,0.213843,0.183178,0.0257432,0.170328,0.125614,0.068613,0.0196868,0.0368673,0.0268335,0.0515106,0.0819344
01-nov-05,0.0633059,0.187704,0.0347446,0.0347446,0.209622,0.55662,0.019994,0.166559,0.124398,0.0683214,0.0150535,0.0292947,0.0263851,0.0500953,0.0810367
1 Dec 2005,0.0587026,0.17368,0.0320929,0.0320929,0.192543,0.572764,0.0169248,0.153288,0.114977,0.0636242,0.0127023,0.0254944,0.024259,0.0455122,0.074764
1 Jan 2006,0.0562261,0.165843,0.0305947,0.0305947,0.182835,0.497401,0.015398,0.145902,0.109617,0.0611395,0.0119132,0.0242258,0.0230502,0.0427307,0.0711104
01-feb-06,0.0594618,0.174858,0.032209,0.032209,0.191944,0.493014,0.0154394,0.153449,0.115396,0.0647937,0.0124416,0.0255383,0.0242115,0.0443378,0.0746817
01-mar-06,0.0510323,0.149537,0.0275196,0.0275196,0.163256,0.393996,0.0124707,0.130781,0.0985051,0.0556078,0.0105287,0.0217561,0.0206038,0.0372109,0.0636716
1 Apr 2006,0.0498549,0.145471,0.0267588,0.0267588,0.157688,0.357199,0.0113782,0.12661,0.0956157,0.0542442,0.0101196,0.0210234,0.019912,0.0354019,0.0618113
01-may-06,0.0454854,0.132168,0.0243012,0.0243012,0.142243,0.305217,0.00966058,0.114405,0.0866823,0.0493993,0.00907486,0.0189427,0.0179677,0.0314266,0.0560353
01-jun-06,0.0442874,0.128209,0.0235625,0.0235625,0.137051,0.280188,0.00978086,0.110343,0.0839213,0.0480239,0.00940629,0.0182184,0.01731,0.0297866,0.0542068
01-jul-06,0.0433923,0.120558,0.0219955,0.0219955,0.127758,0.2428,0.0677755,0.102963,0.0771655,0.0453554,0.048228,0.0322407,0.0157907,0.0268229,0.0520733
1 Aug 2006,0.0418448,0.115326,0.0213017,0.0213017,0.123643,0.219,0.0203505,0.0974966,0.0734816,0.0443496,0.0176534,0.0192091,0.0149023,0.0250249,0.0521875
01-sept-06,0.0412137,0.11303,0.0208557,0.0208557,0.120339,0.206804,0.0127187,0.0945598,0.071816,0.0439132,0.0116833,0.0168518,0.0144695,0.0239671,0.0515718
01-oct-06,0.0380115,0.10392,0.0191609,0.0191609,0.109727,0.186917,0.00934214,0.0863844,0.0659084,0.0406735,0.00865883,0.0147935,0.0131997,0.0215792,0.0474242
01-nov-06,0.0376329,0.102616,0.0189128,0.0189128,0.107549,0.180522,0.00852728,0.0848916,0.0649826,0.0404302,0.00800069,0.0144592,0.012945,0.0209235,0.0466902
1 Dec 2006,0.0350366,0.0953256,0.0175527,0.0175527,0.0993571,0.161971,0.00757658,0.0786007,0.060289,0.0378129,0.00730511,0.0134531,0.0119641,0.0191511,0.0432217
1 Jan 2007,0.0336666,0.0914477,0.0168123,0.0168123,0.0949548,0.150071,0.00696856,0.075264,0.0577811,0.0365215,0.00693526,0.0129405,0.0114403,0.0181422,0.0413034
01-feb-07,0.0357303,0.0969088,0.017789,0.017789,0.100336,0.154295,0.00706138,0.0796631,0.0611785,0.0388982,0.00728361,0.0137165,0.0120972,0.0189999,0.0435995
01-mar-07,0.0307579,0.0832545,0.0152637,0.0152637,0.0859297,0.129599,0.00575806,0.0683289,0.0524966,0.0335317,0.0061925,0.011736,0.010367,0.0160996,0.0373466
1 Apr 2007,0.0301092,0.0812875,0.0148921,0.0148921,0.0835274,0.12472,0.00529375,0.0665027,0.0511782,0.0328287,0.00597434,0.0113787,0.0100814,0.0154475,0.0363823
01-may-07,0.0275693,0.0742304,0.0135927,0.0135927,0.0759158,0.112709,0.00454469,0.0604932,0.0466611,0.0300245,0.00538893,0.0102971,0.00916547,0.0138503,0.0331584
01-jun-07,0.0272535,0.0727496,0.0132936,0.0132936,0.0752932,0.109067,0.0171988,0.059196,0.0454961,0.0296894,0.0150786,0.0107365,0.00894958,0.0133688,0.0324822
01-jul-07,0.0252124,0.0667432,0.0121854,0.0121854,0.0702897,0.0990834,0.00915524,0.0540916,0.0415308,0.0276386,0.00911107,0.00935999,0.00818679,0.0120968,0.0298723
1 Aug 2007,0.0240161,0.0632395,0.0115403,0.0115403,0.0666036,0.0932448,0.00542152,0.05093,0.0392234,0.0263788,0.00608121,0.00862056,0.00771763,0.0112626,0.0283253
01-sept-07,0.0237007,0.0621727,0.0113414,0.0113414,0.0651354,0.0908885,0.00454877,0.0498021,0.038472,0.0260231,0.00538202,0.00838036,0.00754213,0.0108759,0.027835
01-oct-07,0.0219566,0.057432,0.0104713,0.0104713,0.0597704,0.105999,0.00374123,0.0457818,0.0354754,0.0241571,0.00460898,0.00770158,0.00692219,0.00986996,0.0256778
01-nov-07,0.0218025,0.0569074,0.0103692,0.0103692,0.0588449,0.237618,0.0034624,0.0451833,0.0351049,0.0240959,0.00439425,0.00763492,0.00681794,0.0096245,0.0253942
1 Dec 2007,0.0203515,0.0530383,0.00965569,0.00965569,0.0545699,0.306369,0.00309042,0.0419934,0.0326868,0.0226165,0.0040261,0.00713911,0.00632527,0.00885342,0.0236099
1 Jan 2008,0.0196169,0.0510698,0.00928719,0.00928719,0.0523671,0.290395,0.00286706,0.0403812,0.0314529,0.0219238,0.0038417,0.00689878,0.00607396,0.00843336,0.0226686
01-feb-08,0.0201319,0.0523605,0.00951133,0.00951133,0.0535688,0.283043,0.00281877,0.0413785,0.0322286,0.0226032,0.00390517,0.00707946,0.00621795,0.00855775,0.0231766
01-mar-08,0.0179639,0.0466536,0.00846767,0.00846767,0.0475833,0.239868,0.00238692,0.0368253,0.0286897,0.0202233,0.00344332,0.00628749,0.00552726,0.00752524,0.0206063
1 Apr 2008,0.0176306,0.0456873,0.00829024,0.00829024,0.0463681,0.224028,0.0022076,0.0359596,0.0280567,0.0198618,0.00333283,0.00611944,0.00539012,0.00724645,0.0201561
01-may-08,0.0174548,0.0437454,0.00799324,0.00799324,0.0456004,0.196585,0.0240139,0.0356781,0.0262906,0.019165,0.0204613,0.0159665,0.00514083,0.00698286,0.0204767
01-jun-08,0.019811,0.0485624,0.00900559,0.00900559,0.0546211,0.185239,0.0451042,0.0429228,0.0287515,0.0215189,0.0323766,0.0277273,0.00588966,0.00855332,0.0249573
01-jul-08,0.0231328,0.0578942,0.0107267,0.0107267,0.0681579,0.164381,0.0955007,0.0543369,0.0347613,0.0247769,0.0569254,0.0555821,0.00735308,0.0120238,0.0325031
1 Aug 2008,0.0263592,0.068338,0.0125878,0.0125878,0.0801034,0.151446,0.0521752,0.059067,0.0419788,0.0283515,0.0322255,0.0345731,0.00885581,0.0155871,0.0410644
01-sept-08,0.0288962,0.0766316,0.013951,0.013951,0.0878916,0.14485,0.0362211,0.0639545,0.0477353,0.0309106,0.0221796,0.0399961,0.0098495,0.017841,0.0454201
01-oct-08,0.0279677,0.0761532,0.0138523,0.0138523,0.0867369,0.151156,0.0169543,0.0628592,0.0481855,0.0302561,0.0109364,0.0190503,0.00974425,0.0178515,0.0440013
01-nov-08,0.0280052,0.076631,0.013828,0.013828,0.0860795,0.392832,0.0125125,0.061924,0.0486258,0.0305873,0.00777963,0.013312,0.00974981,0.0177516,0.0439498
1 Dec 2008,0.0261124,0.0714238,0.01285,0.01285,0.0796524,0.456933,0.0106318,0.0574208,0.0453114,0.0287173,0.00651154,0.0112287,0.00904652,0.0163137,0.0407837
1 Jan 2009,0.0251266,0.0686167,0.0123324,0.0123324,0.0761985,0.40323,0.00974264,0.0550672,0.0434901,0.0277871,0.0061331,0.0107204,0.00866346,0.0154671,0.0390173
01-feb-09,0.0267002,0.0727787,0.0130703,0.0130703,0.0805283,0.401249,0.00983875,0.0583329,0.0460785,0.0296515,0.0064456,0.0113802,0.00916534,0.0161915,0.0412213
01-mar-09,0.0229931,0.062538,0.0112269,0.0112269,0.068899,0.325114,0.00798148,0.0500306,0.0395449,0.0255985,0.00547719,0.00974843,0.00785051,0.0136974,0.0352979
1 Apr 2009,0.0225007,0.0610252,0.0109579,0.0109579,0.0668356,0.298333,0.00728603,0.0486497,0.0385245,0.0250866,0.0052745,0.00945922,0.00762299,0.0131063,0.0343477
01-may-09,0.0205716,0.0560041,0.0100016,0.0100016,0.0617611,0.256742,0.00679611,0.0455604,0.0354325,0.0230754,0.00511324,0.00897808,0.00699679,0.0118959,0.0312243
01-jun-09,0.0200967,0.0549806,0.00975737,0.00975737,0.0611103,0.237642,0.00574309,0.0452577,0.0348839,0.0226846,0.00463611,0.00836674,0.00687373,0.0115699,0.0303448
01-jul-09,0.0192341,0.052807,0.00936204,0.00936204,0.0599481,0.207734,0.0240732,0.0460962,0.033573,0.021665,0.0161554,0.0196627,0.00675743,0.0115204,0.0286235
1 Aug 2009,0.0190708,0.052883,0.00939699,0.00939699,0.0615696,0.188801,0.0119918,0.0471154,0.0338122,0.0216661,0.00903506,0.0124755,0.00698738,0.0121383,0.0282698
01-sept-09,0.019053,0.0527877,0.0093512,0.0093512,0.0611339,0.17843,0.00685351,0.0459171,0.0337346,0.0217419,0.00562133,0.00911454,0.0070091,0.0121309,0.0281364
01-oct-09,0.0177033,0.048919,0.00864878,0.00864878,0.0561563,0.210691,0.00523637,0.0421502,0.0312157,0.0202764,0.00439438,0.00766428,0.00646882,0.0110814,0.0260333
01-nov-09,0.0175839,0.0484803,0.00856497,0.00856497,0.0552377,0.256385,0.00473488,0.0415502,0.0308964,0.0202611,0.0040385,0.00736188,0.00637411,0.010802,0.0257436
1 Dec 2009,0.0164089,0.0451624,0.00797502,0.00797502,0.0511723,0.234554,0.0042136,0.0385966,0.0287534,0.0190435,0.00368307,0.00684274,0.00590957,0.00991782,0.0239236
1 Jan 2010,0.0158163,0.0434679,0.00767092,0.00767092,0.0490513,0.215942,0.00389535,0.0370857,0.0276516,0.0184866,0.00351449,0.00661335,0.00566906,0.00942555,0.022963
01-feb-10,0.0168309,0.0461906,0.00814497,0.00814497,0.0519573,0.219455,0.00396403,0.0393608,0.0293597,0.0197834,0.00370433,0.00704121,0.0060098,0.00989459,0.0243382
01-mar-10,0.0145247,0.0397927,0.00701318,0.00701318,0.0445803,0.181436,0.0032431,0.03384,0.025268,0.0171318,0.00315901,0.00605111,0.00516032,0.00839789,0.0209192
1 Apr 2010,0.0144573,0.0396612,0.00702859,0.00702859,0.0443021,0.172235,0.00589147,0.0347932,0.0252039,0.0169608,0.00509857,0.0102714,0.00518823,0.00842751,0.0207763
01-may-10,0.02514,0.0717103,0.0130133,0.0130133,0.089403,0.153639,0.316322,0.106942,0.0465703,0.0279098,0.160053,0.205283,0.00996005,0.0201559,0.0336535
01-jun-10,0.035758,0.11475,0.0215598,0.0215598,0.156085,0.14677,0.116007,0.147618,0.0789915,0.044233,0.0617728,0.0775698,0.0170162,0.0380101,0.0539313
01-jul-10,0.0366825,0.119421,0.0218959,0.0218959,0.158624,0.131863,0.0770497,0.14852,0.0827382,0.0459368,0.0396311,0.0608837,0.0178467,0.0402229,0.0557755
1 Aug 2010,0.0402207,0.127647,0.0233062,0.0233062,0.168182,0.122785,0.10943,0.164321,0.0874261,0.0484453,0.0537362,0.077124,0.019245,0.0437011,0.0586906
01-sept-10,0.0459309,0.141333,0.0260135,0.0260135,0.188483,0.118483,0.104867,0.18194,0.0954024,0.0529178,0.0518831,0.0787369,0.021695,0.049686,0.0660729
01-oct-10,0.0444403,0.13687,0.0255982,0.0255982,0.184384,0.164819,0.0411014,0.167201,0.0924294,0.0515636,0.0218159,0.0373936,0.0212692,0.0484782,0.0661201
01-nov-10,0.044375,0.136361,0.0254431,0.0254431,0.181671,0.73436,0.0283912,0.163522,0.0919857,0.0518353,0.0142711,0.0270919,0.0211205,0.0475332,0.0664684
1 Dec 2010,0.0413344,0.126619,0.0235836,0.0235836,0.167269,1.31361,0.0234872,0.150628,0.0852841,0.0484741,0.0114668,0.0230558,0.0194975,0.0433023,0.0616954
1 Jan 2011,0.0397248,0.121295,0.022563,0.022563,0.159223,1.1437,0.0212665,0.143522,0.0815703,0.0467339,0.0106804,0.0218647,0.0185821,0.0407299,0.0589229
01-feb-11,0.0421292,0.128244,0.0238274,0.0238274,0.167505,1.03618,0.0212691,0.151068,0.0861144,0.0496553,0.0111503,0.0230494,0.0195692,0.042321,0.0620763
01-mar-11,0.0362244,0.109912,0.0204017,0.0204017,0.14282,0.792051,0.0171186,0.128881,0.073688,0.0427098,0.00944713,0.0196447,0.0167005,0.0355834,0.0530249
1 Apr 2011,0.0354439,0.107137,0.0198753,0.0198753,0.138301,0.685702,0.0155667,0.124895,0.0716929,0.0417627,0.009089,0.0189966,0.0161829,0.0339137,0.0515482
01-may-11,0.032446,0.0976808,0.0181179,0.0181179,0.125133,0.561608,0.0132252,0.113023,0.0652348,0.0381519,0.00817514,0.0171549,0.014645,0.0301704,0.0468922
01-jun-11,0.0415895,0.115201,0.0212907,0.0212907,0.145659,0.497785,0.235404,0.153269,0.0736119,0.0445687,0.122865,0.124194,0.0163219,0.0340937,0.0581694
01-jul-11,0.0605029,0.161972,0.0295752,0.0295752,0.192381,0.419116,0.395919,0.23757,0.101469,0.0592876,0.190368,0.2261,0.0202539,0.0444217,0.0886932
1 Aug 2011,0.0718362,0.202577,0.0370842,0.0370842,0.233254,0.367973,0.216921,0.221966,0.130741,0.0722487,0.111887,0.129246,0.0238319,0.0536249,0.118646
01-sept-11,0.0732353,0.214471,0.0390309,0.0390309,0.245423,0.580957,0.092588,0.213882,0.141236,0.0773935,0.0520671,0.0649552,0.0251199,0.0563677,0.130996
01-oct-11,0.0686234,0.207762,0.0373253,0.0373253,0.229259,0.587728,0.0541361,0.202646,0.139138,0.0734379,0.0284973,0.073001,0.0237778,0.0528427,0.124681
01-nov-11,0.0676952,0.210519,0.0379389,0.0379389,0.227037,1.14063,0.0405112,0.197456,0.142824,0.0732492,0.0206721,0.0431138,0.0236716,0.0519969,0.123587
1 Dec 2011,0.0626878,0.195292,0.035088,0.035088,0.208603,0.796853,0.0336532,0.181378,0.132604,0.0682415,0.0170407,0.0331798,0.0218304,0.0473212,0.113668
1 Jan 2012,0.0600127,0.186327,0.0334287,0.0334287,0.198058,0.680877,0.0302627,0.172378,0.126314,0.065538,0.0158906,0.0310383,0.0207726,0.0444329,0.107619
01-feb-12,0.0612113,0.189397,0.0339394,0.0339394,0.200582,0.626796,0.028958,0.174737,0.128186,0.0669943,0.0159716,0.031494,0.0210826,0.044484,0.108582
01-mar-12,0.0542966,0.167364,0.0299655,0.0299655,0.176421,0.505578,0.0239102,0.153866,0.113067,0.0594739,0.013936,0.0276971,0.0185833,0.0386134,0.0953054
1 Apr 2012,0.056086,0.168819,0.0300696,0.0300696,0.180478,0.457924,0.0645536,0.163832,0.112733,0.0599302,0.03689,0.0558526,0.0195578,0.0406628,0.0940154
01-may-12,0.0511066,0.155613,0.0281807,0.0281807,0.172328,0.432982,0.0227754,0.149851,0.104507,0.0558983,0.0155068,0.0276862,0.018964,0.0394135,0.0866947
01-jun-12,0.0497014,0.150838,0.0272661,0.0272661,0.165898,0.396065,0.0188125,0.14405,0.101136,0.0544564,0.0127689,0.0248523,0.0184162,0.0376736,0.0837222
01-jul-12,0.0453524,0.137054,0.0247595,0.0247595,0.149788,0.337175,0.015713,0.130028,0.0917014,0.0496293,0.0111007,0.0220824,0.0166627,0.0335137,0.0757635
1 Aug 2012,0.0434397,0.130016,0.0234515,0.0234515,0.142229,0.299416,0.0260405,0.1264,0.0865763,0.0472439,0.0176292,0.0249627,0.0157462,0.0312194,0.0711596
01-sept-12,0.0428522,0.1277,0.0230757,0.0230757,0.1405,0.304406,0.0170361,0.12399,0.0848476,0.0467647,0.012851,0.0215918,0.015446,0.0302389,0.0693275
01-oct-12,0.0395759,0.117485,0.0212267,0.0212267,0.128626,0.298131,0.0124138,0.113163,0.0779092,0.0433662,0.00991148,0.0188564,0.0141411,0.0273125,0.0634438
01-nov-12,0.0391879,0.115936,0.020935,0.020935,0.126101,0.372999,0.0112147,0.111035,0.0767477,0.0430995,0.00922488,0.0183387,0.0138769,0.0264682,0.0623268
1 Dec 2012,0.0364475,0.107528,0.0194006,0.0194006,0.116329,0.338672,0.00988265,0.102559,0.0710805,0.0402666,0.00837642,0.0169897,0.0128166,0.0241733,0.0575355
1 Jan 2013,0.0349997,0.103015,0.0185663,0.0185663,0.110991,0.31567,0.00905701,0.0979708,0.0680156,0.0388497,0.00794228,0.016309,0.0122472,0.0228511,0.0548335
01-feb-13,0.0370979,0.108937,0.0196115,0.0196115,0.117018,0.333159,0.00913294,0.103404,0.0718395,0.0413299,0.0083225,0.0172468,0.0129351,0.0238666,0.0576963
01-mar-13,0.031916,0.0934456,0.016813,0.016813,0.0999597,0.283422,0.00741935,0.0884457,0.0615296,0.0356038,0.00706403,0.0147364,0.0110681,0.0201613,0.0493056
1 Apr 2013,0.031264,0.0912031,0.0164106,0.0164106,0.0969823,0.271912,0.00681181,0.0859132,0.059939,0.0348551,0.00681235,0.0142845,0.0107512,0.0192973,0.0479857
01-may-13,0.0382161,0.103364,0.0182294,0.0182294,0.115463,0.239002,0.179287,0.115014,0.0651482,0.0389587,0.110383,0.106379,0.0122762,0.0231819,0.055927
01-jun-13,0.0423129,0.117848,0.021566,0.021566,0.145301,0.22423,0.0530035,0.127439,0.0755347,0.0460108,0.0366545,0.0395012,0.0148777,0.0294331,0.0698765
01-jul-13,0.0420004,0.11649,0.020929,0.020929,0.142968,0.198023,0.0675859,0.125609,0.0744892,0.0453786,0.0408572,0.0461107,0.0148847,0.0296949,0.0705641
1 Aug 2013,0.0415677,0.1164,0.0208309,0.0208309,0.142871,0.181484,0.0352703,0.120464,0.0748324,0.0452427,0.0231878,0.0298438,0.0149791,0.0299508,0.0718601
01-sept-13,0.0413191,0.115888,0.0206271,0.0206271,0.140717,0.172652,0.0207063,0.116674,0.0745687,0.0452859,0.0141472,0.0214066,0.0148728,0.0294551,0.0720112
01-oct-13,0.0382094,0.106982,0.0189889,0.0189889,0.128679,0.192208,0.0151887,0.106492,0.0687728,0.0420355,0.0102302,0.0172298,0.0136539,0.0266944,0.0664359
01-nov-13,0.0378526,0.105697,0.0187402,0.0187402,0.126191,0.417963,0.0139102,0.104723,0.0678441,0.041782,0.0095071,0.0165968,0.0134142,0.0259036,0.0653816
1 Dec 2013,0.035203,0.0981021,0.017377,0.017377,0.116463,0.66259,0.012261,0.0968705,0.0628991,0.039045,0.00863,0.0153557,0.0124014,0.0236844,0.0603345
1 Jan 2014,0.0337923,0.0940302,0.0166371,0.0166371,0.111163,0.554234,0.011205,0.0925788,0.0602378,0.0376691,0.00818048,0.0147451,0.0118561,0.0223995,0.0574556
01-feb-14,0.0358589,0.0995866,0.0176017,0.0176017,0.117283,0.535338,0.0112989,0.0978113,0.0637277,0.0400879,0.00858131,0.0156098,0.0125305,0.0234122,0.0605229
01-mar-14,0.0308928,0.0855646,0.0151121,0.0151121,0.100277,0.423368,0.00918358,0.0837799,0.0546718,0.0345603,0.00729271,0.0133544,0.0107334,0.0198019,0.0517832
1 Apr 2014,0.0302772,0.0835801,0.0147564,0.0147564,0.0973368,0.383703,0.00842446,0.0814807,0.0533029,0.0338563,0.00703569,0.0129544,0.0104367,0.0189756,0.050419
01-may-14,0.0296846,0.0813579,0.0143379,0.0143379,0.0975523,0.327669,0.0372014,0.0873059,0.0516734,0.0326164,0.0254323,0.036156,0.0106397,0.0197026,0.0476045
01-jun-14,0.034371,0.0972576,0.0172785,0.0172785,0.120198,0.301356,0.105887,0.112514,0.0628866,0.0376177,0.0644383,0.0838804,0.0132646,0.0259315,0.0546694
01-jul-14,0.035316,0.105984,0.0189221,0.0189221,0.131147,0.261328,0.0531556,0.112782,0.0706683,0.039935,0.0341259,0.0466603,0.0145796,0.0294633,0.0590237
1 Aug 2014,0.0348783,0.106958,0.0187774,0.0187774,0.130355,0.268841,0.0247245,0.106209,0.07208,0.0399937,0.0173203,0.0264458,0.014748,0.0298868,0.0593149
01-sept-14,0.0375087,0.115606,0.0203606,0.0203606,0.140307,0.261083,0.0527427,0.122665,0.0780976,0.0419205,0.0314715,0.0711439,0.0171686,0.0356679,0.0618194
01-oct-14,0.0359996,0.114399,0.0206618,0.0206618,0.14101,0.387101,0.0201642,0.119062,0.078399,0.0409472,0.0139085,0.0301654,0.0182629,0.0387037,0.0601038
01-nov-14,0.0358331,0.114282,0.0205563,0.0205563,0.139175,0.519051,0.0139101,0.116763,0.0784491,0.0412056,0.00942766,0.0201478,0.0183568,0.038591,0.0598835
1 Dec 2014,0.0333759,0.106173,0.019063,0.019063,0.128336,0.484177,0.0120316,0.107833,0.0727972,0.0385868,0.00809707,0.017388,0.0169564,0.035217,0.0554693
1 Jan 2015,0.0320906,0.101806,0.0182616,0.0182616,0.122445,0.424339,0.0110201,0.103018,0.0697151,0.0372817,0.00764595,0.0165936,0.0161754,0.03319,0.0529499
01-feb-15,0.0340416,0.107705,0.0193022,0.0193022,0.129024,0.414877,0.011102,0.108686,0.0736636,0.0397035,0.00801364,0.0175529,0.0170461,0.0345407,0.0557647
01-mar-15,0.0506851,0.153685,0.0241741,0.0241741,0.174074,1.35943,0.397439,0.185972,0.103,0.0522058,0.224705,0.278061,0.0247477,0.0553868,0.0706631
1 Apr 2015,0.05299,0.187834,0.0318481,0.0318481,0.239095,1.19645,0.0316647,0.198177,0.134845,0.0653179,0.0146898,0.0291543,0.0310997,0.0713272,0.0917681
01-may-15,0.0482519,0.170011,0.0288436,0.0288436,0.214716,0.87407,0.0264244,0.178199,0.121759,0.0593485,0.0131062,0.0261748,0.0279329,0.0627845,0.0827248
01-jun-15,0.0469309,0.164378,0.0279089,0.0279089,0.205994,0.745694,0.0235978,0.17105,0.117448,0.057591,0.0124933,0.0251026,0.0267856,0.0590189,0.0797122
01-jul-15,0.0575362,0.188431,0.0308166,0.0308166,0.226038,0.606907,0.309186,0.237938,0.130895,0.0642126,0.153848,0.180223,0.0296277,0.0665315,0.0838127
1 Aug 2015,0.105574,0.311333,0.0469437,0.0469437,0.343541,0.518403,0.835017,0.476359,0.205758,0.100653,0.386212,0.406306,0.0491129,0.120898,0.122891
01-sept-15,0.111717,0.368013,0.0611119,0.0611119,0.451397,0.463746,0.275117,0.370627,0.256296,0.124328,0.153788,0.164045,0.0595845,0.146968,0.161054
01-oct-15,0.109963,0.365315,0.0598723,0.0598723,0.446498,0.410424,0.191148,0.381403,0.255351,0.123048,0.0968922,0.126772,0.0602617,0.147302,0.164101
01-nov-15,0.101552,0.354633,0.0606779,0.0606779,0.450586,0.673897,0.0732558,0.34906,0.253081,0.121309,0.0385225,0.0590598,0.0583295,0.138373,0.167382
1 Dec 2015,0.0933744,0.325268,0.05565,0.05565,0.409789,2.44247,0.0577811,0.318202,0.231894,0.112276,0.0277948,0.0476217,0.0529928,0.123232,0.153656
1 Jan 2016,0.0890323,0.308335,0.0527289,0.0527289,0.385506,1.30861,0.0512003,0.300077,0.219303,0.107189,0.025327,0.0448387,0.0498353,0.113814,0.144761
01-feb-16,0.0904873,0.311612,0.0532635,0.0532635,0.387284,1.1522,0.0483764,0.302168,0.221124,0.108918,0.0253006,0.0452997,0.0500667,0.112334,0.145384
01-mar-16,0.0802479,0.274665,0.0468985,0.0468985,0.338686,0.89269,0.0411824,0.266271,0.194417,0.0962773,0.0228383,0.0405948,0.0438922,0.0967077,0.127285
1 Apr 2016,0.0906524,0.291161,0.047985,0.047985,0.3512,0.823738,0.168939,0.309451,0.200508,0.100629,0.0919259,0.109064,0.0468684,0.103095,0.130456
01-may-16,0.0835641,0.274635,0.0466491,0.0466491,0.439908,0.660544,0.0887269,0.619654,0.191071,0.0954361,0.053476,0.0680985,0.0444833,0.0970415,0.126797
01-jun-16,0.0852149,0.277043,0.0471971,0.0471971,0.599008,0.577639,0.0981836,0.729178,0.191828,0.0954888,0.0577581,0.0762006,0.0442693,0.095358,0.12952
01-jul-16,0.0793571,0.257307,0.0444706,0.0444706,0.620792,0.479783,0.0599186,0.501919,0.17795,0.0882023,0.0372921,0.0531246,0.0405429,0.086029,0.124279
1 Aug 2016,0.0777397,0.247721,0.0427483,0.0427483,0.592499,0.640114,0.0672256,0.457243,0.169982,0.0843757,0.0416637,0.0520598,0.0384868,0.0804645,0.122174
01-sept-16,0.0761906,0.243131,0.0422843,0.0422843,0.570231,1.4558,0.0394155,0.436983,0.166941,0.0830864,0.0267339,0.0406215,0.0375176,0.0772832,0.121812
01-oct-16,0.0700519,0.223312,0.0389005,0.0389005,0.512213,3.53586,0.0279683,0.392272,0.153261,0.0766334,0.0196607,0.0345307,0.0341506,0.0692716,0.111864
01-nov-16,0.0688484,0.21914,0.0382173,0.0382173,0.493877,1.6158,0.0237336,0.378464,0.150292,0.0756987,0.0171166,0.0303708,0.0332474,0.0664471,0.109345
1 Dec 2016,0.063722,0.20205,0.035209,0.035209,0.468421,1.39378,0.0207283,0.361025,0.138328,0.0703226,0.0154071,0.0276769,0.0304633,0.060062,0.100234
1 Jan 2017,0.0608807,0.192361,0.0334899,0.0334899,0.45905,1.12649,0.0187316,0.333474,0.13148,0.0674619,0.0145108,0.026419,0.0288599,0.0561522,0.094823
01-feb-17,0.0642241,0.202221,0.0351727,0.0351727,0.476988,1.02688,0.0186632,0.347658,0.137997,0.0713695,0.0151052,0.0278002,0.0302218,0.0580138,0.0990914
01-mar-17,0.055019,0.172554,0.0299937,0.0299937,0.402106,0.775388,0.0149999,0.294014,0.117535,0.0611608,0.012744,0.0236389,0.0256725,0.0485585,0.0841211
1 Apr 2017,0.0536578,0.16751,0.0291125,0.0291125,0.385382,0.670806,0.0136199,0.282612,0.113852,0.059554,0.0122123,0.0227921,0.024774,0.0460961,0.0813148
01-may-17,0.143344,0.340513,0.0461858,0.0461858,0.632434,0.54863,1.02871,2.00232,0.197168,0.107406,0.533923,0.580156,0.0544844,0.120703,0.132088
01-jun-17,0.176221,0.489037,0.076782,0.076782,1.04009,0.485594,0.622272,1.06333,0.312817,0.164138,0.324402,0.36786,0.0819491,0.196013,0.216724
01-jul-17,0.153582,0.468836,0.080731,0.080731,1.04345,0.407221,0.237684,0.721826,0.315254,0.161628,0.138727,0.169219,0.0761899,0.178165,0.228865
1 Aug 2017,0.233421,0.624722,0.0898208,0.0898208,1.01141,0.356585,0.722226,0.90541,0.391301,0.201684,0.356271,0.407583,0.100867,0.245409,0.265481
01-sept-17,0.203108,0.603652,0.102077,0.102077,1.00396,0.326239,0.271741,0.677635,0.400544,0.201446,0.155288,0.19132,0.0946991,0.222573,0.291155
01-oct-17,0.166733,0.529675,0.0954073,0.0954073,0.901184,2.93107,0.113139,0.605514,0.362942,0.18205,0.067817,0.100837,0.0820445,0.186499,0.271163
01-nov-17,0.156334,0.506736,0.0929907,0.0929907,0.861632,8.78445,0.0775455,0.581682,0.350402,0.176667,0.0426748,0.073186,0.0780008,0.173227,0.262996
1 Dec 2017,0.143531,0.462793,0.0848839,0.0848839,0.775414,3.70881,0.065404,0.526714,0.319262,0.162183,0.0359626,0.0641502,0.0705977,0.153866,0.238358
1 Jan 2018,0.136492,0.437422,0.0801064,0.0801064,0.722308,1.91982,0.0579581,0.492932,0.30093,0.153987,0.0334353,0.0605776,0.0662082,0.141765,0.223189
01-feb-18,0.143406,0.45687,0.0835392,0.0835392,0.74468,1.70315,0.0567361,0.510669,0.313465,0.161388,0.0345458,0.0632374,0.0686913,0.144535,0.231052
01-mar-18,0.123361,0.389322,0.070858,0.070858,0.625657,1.30962,0.0506735,0.437888,0.265961,0.137581,0.0322481,0.0565177,0.0583289,0.120622,0.194681
1 Apr 2018,0.120437,0.377487,0.0685895,0.0685895,0.600367,1.09269,0.0476424,0.423368,0.25705,0.133313,0.0321248,0.0563927,0.0564525,0.114711,0.187068
01-may-18,0.11149,0.34433,0.0622782,0.0622782,0.539811,0.875269,0.052811,0.385271,0.232841,0.121197,0.0362331,0.0548682,0.0511369,0.102154,0.169167
01-jun-18,0.125459,0.366855,0.0637211,0.0637211,0.545664,0.738438,0.162787,0.45463,0.241396,0.125412,0.102983,0.13316,0.0533426,0.105846,0.173765
01-jul-18,0.117649,0.347443,0.062205,0.062205,0.526292,0.599974,0.10188,0.399294,0.229795,0.118356,0.0686264,0.0887265,0.0503551,0.0998073,0.171484
1 Aug 2018,0.116643,0.339287,0.0606732,0.0606732,0.504884,0.534207,0.0993776,0.368457,0.222644,0.115111,0.0671057,0.079941,0.0489427,0.0964064,0.17157
01-sept-18,0.110816,0.329376,0.0601304,0.0601304,0.491647,0.652681,0.0475181,0.349404,0.21856,0.113164,0.0362118,0.0537496,0.0476852,0.0930212,0.171489
01-oct-18,0.100896,0.301001,0.0550904,0.0550904,0.444321,0.691039,0.0323059,0.315338,0.200105,0.104033,0.0252023,0.0446151,0.0433009,0.0832818,0.156915
01-nov-18,0.0986289,0.29427,0.0539525,0.0539525,0.429865,0.740397,0.0270349,0.305489,0.195641,0.102369,0.0214974,0.0390309,0.0420374,0.0797076,0.152783
1 Dec 2018,0.091082,0.270748,0.0495703,0.0495703,0.391779,0.597588,0.0235336,0.279904,0.179666,0.0947853,0.0192438,0.0354662,0.0384386,0.0719232,0.139541
1 Jan 2019,0.0869097,0.257429,0.0470583,0.0470583,0.369522,0.522592,0.0212546,0.264457,0.170519,0.0906735,0.0180777,0.0337326,0.0363554,0.0671629,0.131652
01-feb-19,0.0915873,0.270317,0.0493357,0.0493357,0.384919,0.509532,0.0211961,0.276408,0.17873,0.0956829,0.0188068,0.0354476,0.0380102,0.069306,0.13724
01-mar-19,0.0783923,0.230434,0.0420094,0.0420094,0.325304,0.403689,0.0170531,0.234354,0.152042,0.0818126,0.0158594,0.0301129,0.0322363,0.0579365,0.116241
