Start date,End date,Mid date,Measured flow,Flow,Channel loss or routed flow,Last natural,Capacity,Minimum,GroupLink,Hydrologic state,,,,,,,
01/01/1990,02/01/1990,01/16/1990,5383.58,0,0,0,299999999.99,0,(null),0,,,,,,,
02/01/1990,03/01/1990,02/15/1990,3846.53,0,0,0,299999999.99,0,(null),0,,,,,,,
03/01/1990,04/01/1990,03/16/1990,3374.78,0,0,0,299999999.99,0,(null),0,,,,,,,
04/01/1990,05/01/1990,04/16/1990,3680.64,0,0,0,299999999.99,0,(null),0,,,,,,,
05/01/1990,06/01/1990,05/16/1990,3669.41,75.87,0,75.87,299999999.99,0,(null),0,,,,,,,
06/01/1990,07/01/1990,06/16/1990,2928.96,340.19,0,340.19,299999999.99,0,(null),0,,,,,,,
07/01/1990,08/01/1990,07/16/1990,3026.59,850.44,0,850.44,299999999.99,0,(null),0,,,,,,,
08/01/1990,09/01/1990,08/16/1990,2812.32,1737.4,0,1737.4,299999999.99,0,(null),0,,,,,,,
09/01/1990,10/01/1990,09/16/1990,4561.92,4687.18,0,4687.18,299999999.99,0,(null),0,,,,,,,
10/01/1990,11/01/1990,10/16/1990,5999.62,5094.01,0,5094.01,299999999.99,0,(null),0,,,,,,,
11/01/1990,12/01/1990,11/16/1990,5961.6,4110.99,0,4110.99,299999999.99,0,(null),0,,,,,,,
12/01/1990,01/01/1991,12/16/1990,3749.76,3536.55,0,3536.55,299999999.99,0,(null),0,,,,,,,
01/01/1991,02/01/1991,01/16/1991,2517.7,2935.11,0,2935.11,299999999.99,0,(null),0,,,,,,,
02/01/1991,03/01/1991,02/15/1991,1935.36,2219.56,0,2219.56,299999999.99,0,(null),0,,,,,,,
03/01/1991,04/01/1991,03/16/1991,2062.37,2058.5,0,2058.5,299999999.99,0,(null),0,,,,,,,
04/01/1991,05/01/1991,04/16/1991,2436.48,1663.01,0,1663.01,299999999.99,0,(null),0,,,,,,,
05/01/1991,06/01/1991,05/16/1991,6240.67,4748.08,0,4748.08,299999999.99,0,(null),0,,,,,,,
06/01/1991,07/01/1991,06/16/1991,6324.48,8350.47,0,8350.47,299999999.99,0,(null),0,,,,,,,
07/01/1991,08/01/1991,07/16/1991,15534.72,14769.32,0,14769.32,299999999.99,0,(null),0,,,,,,,
08/01/1991,09/01/1991,08/16/1991,8758.37,14953.64,0,14953.64,299999999.99,0,(null),0,,,,,,,
09/01/1991,10/01/1991,09/16/1991,15577.92,13487.2,0,13487.2,299999999.99,0,(null),0,,,,,,,
10/01/1991,11/01/1991,10/16/1991,14249.09,12654.88,0,12654.88,299999999.99,0,(null),0,,,,,,,
11/01/1991,12/01/1991,11/16/1991,25297.92,10193.63,0,10193.63,299999999.99,0,(null),0,,,,,,,
12/01/1991,01/01/1992,12/16/1991,21025.44,8769.21,0,8769.21,299999999.99,0,(null),0,,,,,,,
01/01/1992,02/01/1992,01/16/1992,12454.56,7277.89,0,7277.89,299999999.99,0,(null),0,,,,,,,
02/01/1992,03/01/1992,02/15/1992,6339.17,5683.57,0,5683.57,299999999.99,0,(null),0,,,,,,,
03/01/1992,04/01/1992,03/16/1992,4660.42,5073.65,0,5073.65,299999999.99,0,(null),0,,,,,,,
04/01/1992,05/01/1992,04/16/1992,4924.8,4097.37,0,4097.37,299999999.99,0,(null),0,,,,,,,
05/01/1992,06/01/1992,05/16/1992,7285.25,6332.09,0,6332.09,299999999.99,0,(null),0,,,,,,,
06/01/1992,07/01/1992,06/16/1992,11638.08,10537.59,0,10537.59,299999999.99,0,(null),0,,,,,,,
07/01/1992,08/01/1992,07/16/1992,9910.08,12454.63,0,12454.63,299999999.99,0,(null),0,,,,,,,
08/01/1992,09/01/1992,08/16/1992,8704.8,11463.84,0,11463.84,299999999.99,0,(null),0,,,,,,,
09/01/1992,10/01/1992,09/16/1992,10342.08,10893.03,0,10893.03,299999999.99,0,(null),0,,,,,,,
10/01/1992,11/01/1992,10/16/1992,16204.32,9982.09,0,9982.09,299999999.99,0,(null),0,,,,,,,
11/01/1992,12/01/1992,11/16/1992,20295.36,8054.21,0,8054.21,299999999.99,0,(null),0,,,,,,,
12/01/1992,01/01/1993,12/16/1992,15079.39,6928.74,0,6928.74,299999999.99,0,(null),0,,,,,,,
01/01/1993,02/01/1993,01/16/1993,8865.5,5750.44,0,5750.44,299999999.99,0,(null),0,,,,,,,
02/01/1993,03/01/1993,02/15/1993,5128.7,4348.53,0,4348.53,299999999.99,0,(null),0,,,,,,,
03/01/1993,04/01/1993,03/16/1993,4713.98,4032.98,0,4032.98,299999999.99,0,(null),0,,,,,,,
04/01/1993,05/01/1993,04/16/1993,6376.32,4305.71,0,4305.71,299999999.99,0,(null),0,,,,,,,
05/01/1993,06/01/1993,05/16/1993,18561.31,11273.52,0,11273.52,299999999.99,0,(null),0,,,,,,,
06/01/1993,07/01/1993,06/16/1993,9823.68,11883.03,0,11883.03,299999999.99,0,(null),0,,,,,,,
07/01/1993,08/01/1993,07/16/1993,8008.42,13745.24,0,13745.24,299999999.99,0,(null),0,,,,,,,
08/01/1993,09/01/1993,08/16/1993,6722.78,11930.92,0,11930.92,299999999.99,0,(null),0,,,,,,,
09/01/1993,10/01/1993,09/16/1993,6894.72,9897.75,0,9897.75,299999999.99,0,(null),0,,,,,,,
10/01/1993,11/01/1993,10/16/1993,9427.97,8718.06,0,8718.06,299999999.99,0,(null),0,,,,,,,
11/01/1993,12/01/1993,11/16/1993,11612.16,7022.48,0,7022.48,299999999.99,0,(null),0,,,,,,,
12/01/1993,01/01/1994,12/16/1993,9481.54,6041.19,0,6041.19,299999999.99,0,(null),0,,,,,,,
01/01/1994,02/01/1994,01/16/1994,5731.78,5013.82,0,5013.82,299999999.99,0,(null),0,,,,,,,
02/01/1994,03/01/1994,02/15/1994,3798.14,3791.51,0,3791.51,299999999.99,0,(null),0,,,,,,,
03/01/1994,04/01/1994,03/16/1994,3535.49,3516.37,0,3516.37,299999999.99,0,(null),0,,,,,,,
04/01/1994,05/01/1994,04/16/1994,3888,2835.88,0,2835.88,299999999.99,0,(null),0,,,,,,,
05/01/1994,06/01/1994,05/16/1994,4205.09,2939.09,0,2939.09,299999999.99,0,(null),0,,,,,,,
06/01/1994,07/01/1994,06/16/1994,3965.76,4438.99,0,4438.99,299999999.99,0,(null),0,,,,,,,
07/01/1994,08/01/1994,07/16/1994,5838.91,9665.25,0,9665.25,299999999.99,0,(null),0,,,,,,,
08/01/1994,09/01/1994,08/16/1994,6294.24,10810.94,0,10810.94,299999999.99,0,(null),0,,,,,,,
09/01/1994,10/01/1994,09/16/1994,7516.8,9038.12,0,9038.12,299999999.99,0,(null),0,,,,,,,
10/01/1994,11/01/1994,10/16/1994,9267.26,8492.88,0,8492.88,299999999.99,0,(null),0,,,,,,,
11/01/1994,12/01/1994,11/16/1994,14048.64,6841.09,0,6841.09,299999999.99,0,(null),0,,,,,,,
12/01/1994,01/01/1995,12/16/1994,8517.31,5885.15,0,5885.15,299999999.99,0,(null),0,,,,,,,
01/01/1995,02/01/1995,01/16/1995,4874.69,4884.31,0,4884.31,299999999.99,0,(null),0,,,,,,,
02/01/1995,03/01/1995,02/15/1995,3290.11,3693.57,0,3693.57,299999999.99,0,(null),0,,,,,,,
03/01/1995,04/01/1995,03/16/1995,3080.16,3425.54,0,3425.54,299999999.99,0,(null),0,,,,,,,
04/01/1995,05/01/1995,04/16/1995,3343.68,2759.31,0,2759.31,299999999.99,0,(null),0,,,,,,,
05/01/1995,06/01/1995,05/16/1995,3615.84,2487.83,0,2487.83,299999999.99,0,(null),0,,,,,,,
06/01/1995,07/01/1995,06/16/1995,3784.32,4485.82,0,4485.82,299999999.99,0,(null),0,,,,,,,
07/01/1995,08/01/1995,07/16/1995,3508.7,6941.75,0,6941.75,299999999.99,0,(null),0,,,,,,,
08/01/1995,09/01/1995,08/16/1995,3562.27,7008.14,0,7008.14,299999999.99,0,(null),0,,,,,,,
09/01/1995,10/01/1995,09/16/1995,5184,7577.74,0,7577.74,299999999.99,0,(null),0,,,,,,,
10/01/1995,11/01/1995,10/16/1995,5946.05,6774.59,0,6774.59,299999999.99,0,(null),0,,,,,,,
11/01/1995,12/01/1995,11/16/1995,7439.04,5462.93,0,5462.93,299999999.99,0,(null),0,,,,,,,
12/01/1995,01/01/1996,12/16/1995,4312.22,4699.56,0,4699.56,299999999.99,0,(null),0,,,,,,,
01/01/1996,02/01/1996,01/16/1996,2812.32,3900.34,0,3900.34,299999999.99,0,(null),0,,,,,,,
02/01/1996,03/01/1996,02/15/1996,2004.48,3045.91,0,3045.91,299999999.99,0,(null),0,,,,,,,
03/01/1996,04/01/1996,03/16/1996,2249.86,2719.05,0,2719.05,299999999.99,0,(null),0,,,,,,,
04/01/1996,05/01/1996,04/16/1996,2877.12,2190.22,0,2190.22,299999999.99,0,(null),0,,,,,,,
05/01/1996,06/01/1996,05/16/1996,2731.97,1884.17,0,1884.17,299999999.99,0,(null),0,,,,,,,
06/01/1996,07/01/1996,06/16/1996,2306.88,1517.72,0,1517.72,299999999.99,0,(null),0,,,,,,,
07/01/1996,08/01/1996,07/16/1996,2678.4,1330.89,0,1330.89,299999999.99,0,(null),0,,,,,,,
08/01/1996,09/01/1996,08/16/1996,2089.15,1493.39,0,1493.39,299999999.99,0,(null),0,,,,,,,
09/01/1996,10/01/1996,09/16/1996,2099.52,1721.53,0,1721.53,299999999.99,0,(null),0,,,,,,,
10/01/1996,11/01/1996,10/16/1996,2249.86,1480.97,0,1480.97,299999999.99,0,(null),0,,,,,,,
11/01/1996,12/01/1996,11/16/1996,1944,1192.94,0,1192.94,299999999.99,0,(null),0,,,,,,,
12/01/1996,01/01/1997,12/16/1996,1446.34,1026.24,0,1026.24,299999999.99,0,(null),0,,,,,,,
01/01/1997,02/01/1997,01/16/1997,1392.77,851.71,0,851.71,299999999.99,0,(null),0,,,,,,,
02/01/1997,03/01/1997,02/15/1997,1257.98,644.08,0,644.08,299999999.99,0,(null),0,,,,,,,
03/01/1997,04/01/1997,03/16/1997,1526.69,597.34,0,597.34,299999999.99,0,(null),0,,,,,,,
04/01/1997,05/01/1997,04/16/1997,1581.12,481.16,0,481.16,299999999.99,0,(null),0,,,,,,,
05/01/1997,06/01/1997,05/16/1997,2035.58,853.11,0,853.11,299999999.99,0,(null),0,,,,,,,
06/01/1997,07/01/1997,06/16/1997,12882.24,10340.38,0,10340.38,299999999.99,0,(null),0,,,,,,,
07/01/1997,08/01/1997,07/16/1997,8570.88,13126.96,0,13126.96,299999999.99,0,(null),0,,,,,,,
08/01/1997,09/01/1997,08/16/1997,14249.09,15861.14,0,15861.14,299999999.99,0,(null),0,,,,,,,
09/01/1997,10/01/1997,09/16/1997,19154.88,20887.78,0,20887.78,299999999.99,0,(null),0,,,,,,,
10/01/1997,11/01/1997,10/16/1997,17168.54,19656.44,0,19656.44,299999999.99,0,(null),0,,,,,,,
11/01/1997,12/01/1997,11/16/1997,26386.56,16179.17,0,16179.17,299999999.99,0,(null),0,,,,,,,
12/01/1997,01/01/1998,12/16/1997,39934.94,13918.36,0,13918.36,299999999.99,0,(null),0,,,,,,,
01/01/1998,02/01/1998,01/16/1998,26435.81,11551.38,0,11551.38,299999999.99,0,(null),0,,,,,,,
02/01/1998,03/01/1998,02/15/1998,11491.2,8735.29,0,8735.29,299999999.99,0,(null),0,,,,,,,
03/01/1998,04/01/1998,03/16/1998,4713.98,8101.38,0,8101.38,299999999.99,0,(null),0,,,,,,,
04/01/1998,05/01/1998,04/16/1998,5987.52,6733.35,0,6733.35,299999999.99,0,(null),0,,,,,,,
05/01/1998,06/01/1998,05/16/1998,5999.62,6258.16,0,6258.16,299999999.99,0,(null),0,,,,,,,
06/01/1998,07/01/1998,06/16/1998,5806.08,5686.54,0,5686.54,299999999.99,0,(null),0,,,,,,,
07/01/1998,08/01/1998,07/16/1998,4847.9,5141.96,0,5141.96,299999999.99,0,(null),0,,,,,,,
08/01/1998,09/01/1998,08/16/1998,4097.95,4267.51,0,4267.51,299999999.99,0,(null),0,,,,,,,
09/01/1998,10/01/1998,09/16/1998,3836.16,3602.07,0,3602.07,299999999.99,0,(null),0,,,,,,,
10/01/1998,11/01/1998,10/16/1998,2624.83,3307.76,0,3307.76,299999999.99,0,(null),0,,,,,,,
11/01/1998,12/01/1998,11/16/1998,3084.48,2664.45,0,2664.45,299999999.99,0,(null),0,,,,,,,
12/01/1998,01/01/1999,12/16/1998,2303.42,2292.13,0,2292.13,299999999.99,0,(null),0,,,,,,,
01/01/1999,02/01/1999,01/16/1999,2303.42,1902.32,0,1902.32,299999999.99,0,(null),0,,,,,,,
02/01/1999,03/01/1999,02/15/1999,3048.19,1438.56,0,1438.56,299999999.99,0,(null),0,,,,,,,
03/01/1999,04/01/1999,03/16/1999,3026.59,1334.15,0,1334.15,299999999.99,0,(null),0,,,,,,,
04/01/1999,05/01/1999,04/16/1999,3680.64,1074.69,0,1074.69,299999999.99,0,(null),0,,,,,,,
05/01/1999,06/01/1999,05/16/1999,2678.4,924.51,0,924.51,299999999.99,0,(null),0,,,,,,,
06/01/1999,07/01/1999,06/16/1999,1529.28,849.88,0,849.88,299999999.99,0,(null),0,,,,,,,
07/01/1999,08/01/1999,07/16/1999,1633.82,2439.6,0,2439.6,299999999.99,0,(null),0,,,,,,,
08/01/1999,09/01/1999,08/16/1999,4312.22,3677.73,0,3677.73,299999999.99,0,(null),0,,,,,,,
09/01/1999,10/01/1999,09/16/1999,8190.72,7538.59,0,7538.59,299999999.99,0,(null),0,,,,,,,
10/01/1999,11/01/1999,10/16/1999,10981.44,7544.14,0,7544.14,299999999.99,0,(null),0,,,,,,,
11/01/1999,12/01/1999,11/16/1999,12312,6076.88,0,6076.88,299999999.99,0,(null),0,,,,,,,
12/01/1999,01/01/2000,12/16/1999,6722.78,5227.73,0,5227.73,299999999.99,0,(null),0,,,,,,,
01/01/2000,02/01/2000,01/16/2000,5597.86,4338.68,0,4338.68,299999999.99,0,(null),0,,,,,,,
02/01/2000,03/01/2000,02/15/2000,4309.63,3388.24,0,3388.24,299999999.99,0,(null),0,,,,,,,
03/01/2000,04/01/2000,03/16/2000,3856.9,3024.62,0,3024.62,299999999.99,0,(null),0,,,,,,,
04/01/2000,05/01/2000,04/16/2000,4354.56,2436.36,0,2436.36,299999999.99,0,(null),0,,,,,,,
05/01/2000,06/01/2000,05/16/2000,3856.9,2095.92,0,2095.92,299999999.99,0,(null),0,,,,,,,
06/01/2000,07/01/2000,06/16/2000,9720,18612.46,0,18612.46,299999999.99,0,(null),0,,,,,,,
07/01/2000,08/01/2000,07/16/2000,12079.58,14568.41,0,14568.41,299999999.99,0,(null),0,,,,,,,
08/01/2000,09/01/2000,08/16/2000,7178.11,14830.02,0,14830.02,299999999.99,0,(null),0,,,,,,,
09/01/2000,10/01/2000,09/16/2000,9331.2,13871.25,0,13871.25,299999999.99,0,(null),0,,,,,,,
10/01/2000,11/01/2000,10/16/2000,17945.28,13233.03,0,13233.03,299999999.99,0,(null),0,,,,,,,
11/01/2000,12/01/2000,11/16/2000,22628.16,10659.33,0,10659.33,299999999.99,0,(null),0,,,,,,,
12/01/2000,01/01/2001,12/16/2000,25980.48,9169.84,0,9169.84,299999999.99,0,(null),0,,,,,,,
01/01/2001,02/01/2001,01/16/2001,9427.97,7610.4,0,7610.4,299999999.99,0,(null),0,,,,,,,
02/01/2001,03/01/2001,02/15/2001,5007.74,5755.08,0,5755.08,299999999.99,0,(null),0,,,,,,,
03/01/2001,04/01/2001,03/16/2001,3696.19,5337.43,0,5337.43,299999999.99,0,(null),0,,,,,,,
04/01/2001,05/01/2001,04/16/2001,1866.24,4299.36,0,4299.36,299999999.99,0,(null),0,,,,,,,
05/01/2001,06/01/2001,05/16/2001,3615.84,4075.29,0,4075.29,299999999.99,0,(null),0,,,,,,,
06/01/2001,07/01/2001,06/16/2001,3395.52,5629.76,0,5629.76,299999999.99,0,(null),0,,,,,,,
07/01/2001,08/01/2001,07/16/2001,7472.74,7440.11,0,7440.11,299999999.99,0,(null),0,,,,,,,
08/01/2001,09/01/2001,08/16/2001,8999.42,15985.9,0,15985.9,299999999.99,0,(null),0,,,,,,,
09/01/2001,10/01/2001,09/16/2001,7905.6,15791.18,0,15791.18,299999999.99,0,(null),0,,,,,,,
10/01/2001,11/01/2001,10/16/2001,12615.26,13584.57,0,13584.57,299999999.99,0,(null),0,,,,,,,
11/01/2001,12/01/2001,11/16/2001,17703.36,10942.52,0,10942.52,299999999.99,0,(null),0,,,,,,,
12/01/2001,01/01/2002,12/16/2001,17677.44,9413.44,0,9413.44,299999999.99,0,(null),0,,,,,,,
01/01/2002,02/01/2002,01/16/2002,5999.62,7812.57,0,7812.57,299999999.99,0,(null),0,,,,,,,
02/01/2002,03/01/2002,02/15/2002,4015.87,5907.96,0,5907.96,299999999.99,0,(null),0,,,,,,,
03/01/2002,04/01/2002,03/16/2002,3990.82,5479.24,0,5479.24,299999999.99,0,(null),0,,,,,,,
04/01/2002,05/01/2002,04/16/2002,4510.08,4413.58,0,4413.58,299999999.99,0,(null),0,,,,,,,
05/01/2002,06/01/2002,05/16/2002,7820.93,4616.17,0,4616.17,299999999.99,0,(null),0,,,,,,,
06/01/2002,07/01/2002,06/16/2002,18195.84,15781.44,0,15781.44,299999999.99,0,(null),0,,,,,,,
07/01/2002,08/01/2002,07/16/2002,6588.86,12990.58,0,12990.58,299999999.99,0,(null),0,,,,,,,
08/01/2002,09/01/2002,08/16/2002,17275.68,21023.88,0,21023.88,299999999.99,0,(null),0,,,,,,,
09/01/2002,10/01/2002,09/16/2002,12026.88,18728.75,0,18728.75,299999999.99,0,(null),0,,,,,,,
10/01/2002,11/01/2002,10/16/2002,16257.89,16545.6,0,16545.6,299999999.99,0,(null),0,,,,,,,
11/01/2002,12/01/2002,11/16/2002,27086.4,13327.65,0,13327.65,299999999.99,0,(null),0,,,,,,,
12/01/2002,01/01/2003,12/16/2002,26194.75,11465.3,0,11465.3,299999999.99,0,(null),0,,,,,,,
01/01/2003,02/01/2003,01/16/2003,16445.38,9515.48,0,9515.48,299999999.99,0,(null),0,,,,,,,
02/01/2003,03/01/2003,02/15/2003,9217.15,7195.71,0,7195.71,299999999.99,0,(null),0,,,,,,,
03/01/2003,04/01/2003,03/16/2003,6454.94,6673.54,0,6673.54,299999999.99,0,(null),0,,,,,,,
04/01/2003,05/01/2003,04/16/2003,8346.24,5375.61,0,5375.61,299999999.99,0,(null),0,,,,,,,
05/01/2003,06/01/2003,05/16/2003,5597.86,4880.32,0,4880.32,299999999.99,0,(null),0,,,,,,,
06/01/2003,07/01/2003,06/16/2003,6428.16,6497.71,0,6497.71,299999999.99,0,(null),0,,,,,,,
07/01/2003,08/01/2003,07/16/2003,6187.1,8442.31,0,8442.31,299999999.99,0,(null),0,,,,,,,
08/01/2003,09/01/2003,08/16/2003,3910.46,8642.92,0,8642.92,299999999.99,0,(null),0,,,,,,,
09/01/2003,10/01/2003,09/16/2003,3784.32,7253.33,0,7253.33,299999999.99,0,(null),0,,,,,,,
10/01/2003,11/01/2003,10/16/2003,7579.87,7147.97,0,7147.97,299999999.99,0,(null),0,,,,,,,
11/01/2003,12/01/2003,11/16/2003,10419.84,5757.77,0,5757.77,299999999.99,0,(null),0,,,,,,,
12/01/2003,01/01/2004,12/16/2003,5731.78,4953.2,0,4953.2,299999999.99,0,(null),0,,,,,,,
01/01/2004,02/01/2004,01/16/2004,3589.06,4110.84,0,4110.84,299999999.99,0,(null),0,,,,,,,
02/01/2004,03/01/2004,02/15/2004,2881.44,3210.3,0,3210.3,299999999.99,0,(null),0,,,,,,,
03/01/2004,04/01/2004,03/16/2004,2812.32,2865.8,0,2865.8,299999999.99,0,(null),0,,,,,,,
04/01/2004,05/01/2004,04/16/2004,2954.88,2308.43,0,2308.43,299999999.99,0,(null),0,,,,,,,
05/01/2004,06/01/2004,05/16/2004,3267.65,1985.85,0,1985.85,299999999.99,0,(null),0,,,,,,,
06/01/2004,07/01/2004,06/16/2004,2747.52,2200.3,0,2200.3,299999999.99,0,(null),0,,,,,,,
07/01/2004,08/01/2004,07/16/2004,3535.49,3279.18,0,3279.18,299999999.99,0,(null),0,,,,,,,
08/01/2004,09/01/2004,08/16/2004,4339.01,4996.14,0,4996.14,299999999.99,0,(null),0,,,,,,,
09/01/2004,10/01/2004,09/16/2004,5391.36,6098.28,0,6098.28,299999999.99,0,(null),0,,,,,,,
10/01/2004,11/01/2004,10/16/2004,5276.45,5627.13,0,5627.13,299999999.99,0,(null),0,,,,,,,
11/01/2004,12/01/2004,11/16/2004,8424,5863.01,0,5863.01,299999999.99,0,(null),0,,,,,,,
12/01/2004,01/01/2005,12/16/2004,6374.59,5800.93,0,5800.93,299999999.99,0,(null),0,,,,,,,
01/01/2005,02/01/2005,01/16/2005,4205.09,4814.42,0,4814.42,299999999.99,0,(null),0,,,,,,,
02/01/2005,03/01/2005,02/15/2005,3144.96,3640.71,0,3640.71,299999999.99,0,(null),0,,,,,,,
03/01/2005,04/01/2005,03/16/2005,3910.46,3376.52,0,3376.52,299999999.99,0,(null),0,,,,,,,
04/01/2005,05/01/2005,04/16/2005,4743.36,2719.82,0,2719.82,299999999.99,0,(null),0,,,,,,,
05/01/2005,06/01/2005,05/16/2005,5088.96,3695.12,0,3695.12,299999999.99,0,(null),0,,,,,,,
06/01/2005,07/01/2005,06/16/2005,11741.76,12380.72,0,12380.72,299999999.99,0,(null),0,,,,,,,
07/01/2005,08/01/2005,07/16/2005,5999.62,18045.61,0,18045.61,299999999.99,0,(null),0,,,,,,,
08/01/2005,09/01/2005,08/16/2005,11543.9,21183.37,0,21183.37,299999999.99,0,(null),0,,,,,,,
09/01/2005,10/01/2005,09/16/2005,13711.68,23197.35,0,23197.35,299999999.99,0,(null),0,,,,,,,
10/01/2005,11/01/2005,10/16/2005,14463.36,20620.81,0,20620.81,299999999.99,0,(null),0,,,,,,,
11/01/2005,12/01/2005,11/16/2005,26749.44,16622.07,0,16622.07,299999999.99,0,(null),0,,,,,,,
12/01/2005,01/01/2006,12/16/2005,24909.12,14299.36,0,14299.36,299999999.99,0,(null),0,,,,,,,
01/01/2006,02/01/2006,01/16/2006,14302.66,11867.59,0,11867.59,299999999.99,0,(null),0,,,,,,,
02/01/2006,03/01/2006,02/15/2006,6386.69,8974.41,0,8974.41,299999999.99,0,(null),0,,,,,,,
03/01/2006,04/01/2006,03/16/2006,5437.15,8323.15,0,8323.15,299999999.99,0,(null),0,,,,,,,
04/01/2006,05/01/2006,04/16/2006,5650.56,6704.39,0,6704.39,299999999.99,0,(null),0,,,,,,,
05/01/2006,06/01/2006,05/16/2006,5785.34,5767.54,0,5767.54,299999999.99,0,(null),0,,,,,,,
06/01/2006,07/01/2006,06/16/2006,5650.56,7408.67,0,7408.67,299999999.99,0,(null),0,,,,,,,
07/01/2006,08/01/2006,07/16/2006,13900.9,18816.03,0,18816.03,299999999.99,0,(null),0,,,,,,,
08/01/2006,09/01/2006,08/16/2006,7124.54,16659.34,0,16659.34,299999999.99,0,(null),0,,,,,,,
09/01/2006,10/01/2006,09/16/2006,6505.92,15517.25,0,15517.25,299999999.99,0,(null),0,,,,,,,
10/01/2006,11/01/2006,10/16/2006,12668.83,15342.01,0,15342.01,299999999.99,0,(null),0,,,,,,,
11/01/2006,12/01/2006,11/16/2006,21384,12858.57,0,12858.57,299999999.99,0,(null),0,,,,,,,
12/01/2006,01/01/2007,12/16/2006,17114.98,11061.76,0,11061.76,299999999.99,0,(null),0,,,,,,,
01/01/2007,02/01/2007,01/16/2007,8410.18,9180.58,0,9180.58,299999999.99,0,(null),0,,,,,,,
02/01/2007,03/01/2007,02/15/2007,4620.67,6942.46,0,6942.46,299999999.99,0,(null),0,,,,,,,
03/01/2007,04/01/2007,03/16/2007,4365.79,6438.66,0,6438.66,299999999.99,0,(null),0,,,,,,,
04/01/2007,05/01/2007,04/16/2007,5261.76,5186.42,0,5186.42,299999999.99,0,(null),0,,,,,,,
05/01/2007,06/01/2007,05/16/2007,5249.66,4461.68,0,4461.68,299999999.99,0,(null),0,,,,,,,
06/01/2007,07/01/2007,06/16/2007,4847.04,6739.8,0,6739.8,299999999.99,0,(null),0,,,,,,,
07/01/2007,08/01/2007,07/16/2007,4606.85,10045.18,0,10045.18,299999999.99,0,(null),0,,,,,,,
08/01/2007,09/01/2007,08/16/2007,6374.59,11165.47,0,11165.47,299999999.99,0,(null),0,,,,,,,
09/01/2007,10/01/2007,09/16/2007,6220.8,9781.59,0,9781.59,299999999.99,0,(null),0,,,,,,,
10/01/2007,11/01/2007,10/16/2007,6910.27,8414.75,0,8414.75,299999999.99,0,(null),0,,,,,,,
11/01/2007,12/01/2007,11/16/2007,8294.4,6778.16,0,6778.16,299999999.99,0,(null),0,,,,,,,
12/01/2007,01/01/2008,12/16/2007,6240.67,5831.01,0,5831.01,299999999.99,0,(null),0,,,,,,,
01/01/2008,02/01/2008,01/16/2008,4312.22,4839.38,0,4839.38,299999999.99,0,(null),0,,,,,,,
02/01/2008,03/01/2008,02/15/2008,3608.06,3779.23,0,3779.23,299999999.99,0,(null),0,,,,,,,
03/01/2008,04/01/2008,03/16/2008,4097.95,3373.69,0,3373.69,299999999.99,0,(null),0,,,,,,,
04/01/2008,05/01/2008,04/16/2008,4406.4,2717.53,0,2717.53,299999999.99,0,(null),0,,,,,,,
05/01/2008,06/01/2008,05/16/2008,10740.38,9146.91,0,9146.91,299999999.99,0,(null),0,,,,,,,
06/01/2008,07/01/2008,06/16/2008,11793.6,14794.41,0,14794.41,299999999.99,0,(null),0,,,,,,,
07/01/2008,08/01/2008,07/16/2008,6133.54,13047.78,0,13047.78,299999999.99,0,(null),0,,,,,,,
08/01/2008,09/01/2008,08/16/2008,12534.91,20762.54,0,20762.54,299999999.99,0,(null),0,,,,,,,
09/01/2008,10/01/2008,09/16/2008,9383.04,15820.93,0,15820.93,299999999.99,0,(null),0,,,,,,,
10/01/2008,11/01/2008,10/16/2008,13017.02,13638.06,0,13638.06,299999999.99,0,(null),0,,,,,,,
11/01/2008,12/01/2008,11/16/2008,24001.92,10985.6,0,10985.6,299999999.99,0,(null),0,,,,,,,
12/01/2008,01/01/2009,12/16/2008,14141.95,9450.52,0,9450.52,299999999.99,0,(null),0,,,,,,,
01/01/2009,02/01/2009,01/16/2009,7070.98,7843.34,0,7843.34,299999999.99,0,(null),0,,,,,,,
02/01/2009,03/01/2009,02/15/2009,5225.47,5931.22,0,5931.22,299999999.99,0,(null),0,,,,,,,
03/01/2009,04/01/2009,03/16/2009,5544.29,5500.81,0,5500.81,299999999.99,0,(null),0,,,,,,,
04/01/2009,05/01/2009,04/16/2009,5080.32,4430.96,0,4430.96,299999999.99,0,(null),0,,,,,,,
05/01/2009,06/01/2009,05/16/2009,4901.47,3811.8,0,3811.8,299999999.99,0,(null),0,,,,,,,
06/01/2009,07/01/2009,06/16/2009,4847.04,4545.64,0,4545.64,299999999.99,0,(null),0,,,,,,,
07/01/2009,08/01/2009,07/16/2009,4847.9,6896.23,0,6896.23,299999999.99,0,(null),0,,,,,,,
08/01/2009,09/01/2009,08/16/2009,5088.96,8796.3,0,8796.3,299999999.99,0,(null),0,,,,,,,
09/01/2009,10/01/2009,09/16/2009,9331.2,16061.49,0,16061.49,299999999.99,0,(null),0,,,,,,,
10/01/2009,11/01/2009,10/16/2009,7847.71,12139.74,0,12139.74,299999999.99,0,(null),0,,,,,,,
11/01/2009,12/01/2009,11/16/2009,11352.96,9909.49,0,9909.49,299999999.99,0,(null),0,,,,,,,
12/01/2009,01/01/2010,12/16/2009,12052.8,8524.77,0,8524.77,299999999.99,0,(null),0,,,,,,,
01/01/2010,02/01/2010,01/16/2010,6454.94,7075.04,0,7075.04,299999999.99,0,(null),0,,,,,,,
02/01/2010,03/01/2010,02/15/2010,5007.74,5350.22,0,5350.22,299999999.99,0,(null),0,,,,,,,
03/01/2010,04/01/2010,03/16/2010,5946.05,4961.98,0,4961.98,299999999.99,0,(null),0,,,,,,,
04/01/2010,05/01/2010,04/16/2010,5987.52,3996.92,0,3996.92,299999999.99,0,(null),0,,,,,,,
05/01/2010,06/01/2010,05/16/2010,6133.54,3438.4,0,3438.4,299999999.99,0,(null),0,,,,,,,
06/01/2010,07/01/2010,06/16/2010,6039.36,4993.96,0,4993.96,299999999.99,0,(null),0,,,,,,,
07/01/2010,08/01/2010,07/16/2010,6481.73,6644.58,0,6644.58,299999999.99,0,(null),0,,,,,,,
08/01/2010,09/01/2010,08/16/2010,6294.24,6787.75,0,6787.75,299999999.99,0,(null),0,,,,,,,
09/01/2010,10/01/2010,09/16/2010,6168.96,5742.93,0,5742.93,299999999.99,0,(null),0,,,,,,,
10/01/2010,11/01/2010,10/16/2010,6401.38,4941.95,0,4941.95,299999999.99,0,(null),0,,,,,,,
11/01/2010,12/01/2010,11/16/2010,8035.2,4708.76,0,4708.76,299999999.99,0,(null),0,,,,,,,
12/01/2010,01/01/2011,12/16/2010,5946.05,4262.17,0,4262.17,299999999.99,0,(null),0,,,,,,,
01/01/2011,02/01/2011,01/16/2011,4660.42,3537.33,0,3537.33,299999999.99,0,(null),0,,,,,,,
02/01/2011,03/01/2011,02/15/2011,3507.84,2674.97,0,2674.97,299999999.99,0,(null),0,,,,,,,
03/01/2011,04/01/2011,03/16/2011,3589.06,2480.86,0,2480.86,299999999.99,0,(null),0,,,,,,,
04/01/2011,05/01/2011,04/16/2011,-2589408,1998.36,0,1998.36,299999999.99,0,(null),0,,,,,,,
05/01/2011,06/01/2011,05/16/2011,-2675721.6,1719.11,0,1719.11,299999999.99,0,(null),0,,,,,,,
06/01/2011,07/01/2011,06/16/2011,-2589408,1384.76,0,1384.76,299999999.99,0,(null),0,,,,,,,
07/01/2011,08/01/2011,07/16/2011,-2675721.6,2194.43,0,2194.43,299999999.99,0,(null),0,,,,,,,
08/01/2011,09/01/2011,08/16/2011,-2675721.6,5362.81,0,5362.81,299999999.99,0,(null),0,,,,,,,
09/01/2011,10/01/2011,09/16/2011,-2589408,6689.4,0,6689.4,299999999.99,0,(null),0,,,,,,,
10/01/2011,11/01/2011,10/16/2011,-2675721.6,5901.82,0,5901.82,299999999.99,0,(null),0,,,,,,,
11/01/2011,12/01/2011,11/16/2011,-2589408,4753.97,0,4753.97,299999999.99,0,(null),0,,,,,,,
12/01/2011,01/01/2012,12/16/2011,-2675721.6,4089.68,0,4089.68,299999999.99,0,(null),0,,,,,,,
01/01/2012,02/01/2012,01/16/2012,-2675721.6,3394.17,0,3394.17,299999999.99,0,(null),0,,,,,,,
02/01/2012,03/01/2012,02/15/2012,-2503094.4,2650.64,0,2650.64,299999999.99,0,(null),0,,,,,,,
03/01/2012,04/01/2012,03/16/2012,-2675721.6,2366.19,0,2366.19,299999999.99,0,(null),0,,,,,,,
04/01/2012,05/01/2012,04/16/2012,-2589408,1905.98,0,1905.98,299999999.99,0,(null),0,,,,,,,
05/01/2012,06/01/2012,05/16/2012,-2675721.6,2114.48,0,2114.48,299999999.99,0,(null),0,,,,,,,
06/01/2012,07/01/2012,06/16/2012,-2589408,5200.91,0,5200.91,299999999.99,0,(null),0,,,,,,,
07/01/2012,08/01/2012,07/16/2012,-2675721.6,8758.98,0,8758.98,299999999.99,0,(null),0,,,,,,,
08/01/2012,09/01/2012,08/16/2012,-2675721.6,8013.88,0,8013.88,299999999.99,0,(null),0,,,,,,,
09/01/2012,10/01/2012,09/16/2012,-2589408,7236.46,0,7236.46,299999999.99,0,(null),0,,,,,,,
10/01/2012,11/01/2012,10/16/2012,-2675721.6,6647.05,0,6647.05,299999999.99,0,(null),0,,,,,,,
11/01/2012,12/01/2012,11/16/2012,-2589408,5578.54,0,5578.54,299999999.99,0,(null),0,,,,,,,
12/01/2012,01/01/2013,12/16/2012,-2675721.6,4940.32,0,4940.32,299999999.99,0,(null),0,,,,,,,
01/01/2013,02/01/2013,01/16/2013,-2675721.6,4312.54,0,4312.54,299999999.99,0,(null),0,,,,,,,
02/01/2013,03/01/2013,02/15/2013,-2416780.8,3261.19,0,3261.19,299999999.99,0,(null),0,,,,,,,
03/01/2013,04/01/2013,03/16/2013,-2675721.6,3024.53,0,3024.53,299999999.99,0,(null),0,,,,,,,
04/01/2013,05/01/2013,04/16/2013,-2589408,2436.29,0,2436.29,299999999.99,0,(null),0,,,,,,,
05/01/2013,06/01/2013,05/16/2013,-2675721.6,2485.45,0,2485.45,299999999.99,0,(null),0,,,,,,,
06/01/2013,07/01/2013,06/16/2013,-2589408,3845.47,0,3845.47,299999999.99,0,(null),0,,,,,,,
07/01/2013,08/01/2013,07/16/2013,-2675721.6,5563.72,0,5563.72,299999999.99,0,(null),0,,,,,,,
08/01/2013,09/01/2013,08/16/2013,-2675721.6,6764.33,0,6764.33,299999999.99,0,(null),0,,,,,,,
09/01/2013,10/01/2013,09/16/2013,-2589408,7273.24,0,7273.24,299999999.99,0,(null),0,,,,,,,
10/01/2013,11/01/2013,10/16/2013,-2675721.6,6831.76,0,6831.76,299999999.99,0,(null),0,,,,,,,
11/01/2013,12/01/2013,11/16/2013,-2589408,5503.05,0,5503.05,299999999.99,0,(null),0,,,,,,,
12/01/2013,01/01/2014,12/16/2013,-2675721.6,4734.07,0,4734.07,299999999.99,0,(null),0,,,,,,,
01/01/2014,02/01/2014,01/16/2014,-2675721.6,3928.98,0,3928.98,299999999.99,0,(null),0,,,,,,,
02/01/2014,03/01/2014,02/15/2014,-2416780.8,2971.15,0,2971.15,299999999.99,0,(null),0,,,,,,,
03/01/2014,04/01/2014,03/16/2014,-2675721.6,2755.53,0,2755.53,299999999.99,0,(null),0,,,,,,,
04/01/2014,05/01/2014,04/16/2014,-2589408,2219.62,0,2219.62,299999999.99,0,(null),0,,,,,,,
05/01/2014,06/01/2014,05/16/2014,-2675721.6,2085.82,0,2085.82,299999999.99,0,(null),0,,,,,,,
06/01/2014,07/01/2014,06/16/2014,-2589408,3878,0,3878,299999999.99,0,(null),0,,,,,,,
07/01/2014,08/01/2014,07/16/2014,-2675721.6,4691.53,0,4691.53,299999999.99,0,(null),0,,,,,,,
08/01/2014,09/01/2014,08/16/2014,-2675721.6,5358.3,0,5358.3,299999999.99,0,(null),0,,,,,,,
09/01/2014,10/01/2014,09/16/2014,-2589408,6452.88,0,6452.88,299999999.99,0,(null),0,,,,,,,
10/01/2014,11/01/2014,10/16/2014,-2675721.6,5968.31,0,5968.31,299999999.99,0,(null),0,,,,,,,
11/01/2014,12/01/2014,11/16/2014,-2589408,4807.53,0,4807.53,299999999.99,0,(null),0,,,,,,,
12/01/2014,01/01/2015,12/16/2014,-2675721.6,4135.75,0,4135.75,299999999.99,0,(null),0,,,,,,,
01/01/2015,02/01/2015,01/16/2015,-2675721.6,3432.41,0,3432.41,299999999.99,0,(null),0,,,,,,,
02/01/2015,03/01/2015,02/15/2015,-2416780.8,2595.63,0,2595.63,299999999.99,0,(null),0,,,,,,,
03/01/2015,04/01/2015,03/16/2015,-2675721.6,2407.27,0,2407.27,299999999.99,0,(null),0,,,,,,,
04/01/2015,05/01/2015,04/16/2015,-2589408,1939.08,0,1939.08,299999999.99,0,(null),0,,,,,,,
05/01/2015,06/01/2015,05/16/2015,-2675721.6,1668.12,0,1668.12,299999999.99,0,(null),0,,,,,,,
06/01/2015,07/01/2015,06/16/2015,-2589408,1343.69,0,1343.69,299999999.99,0,(null),0,,,,,,,
07/01/2015,08/01/2015,07/16/2015,-2675721.6,2776.26,0,2776.26,299999999.99,0,(null),0,,,,,,,
08/01/2015,09/01/2015,08/16/2015,-2675721.6,10730.98,0,10730.98,299999999.99,0,(null),0,,,,,,,
09/01/2015,10/01/2015,09/16/2015,-2589408,9050.37,0,9050.37,299999999.99,0,(null),0,,,,,,,
10/01/2015,11/01/2015,10/16/2015,-2675721.6,10075.51,0,10075.51,299999999.99,0,(null),0,,,,,,,
11/01/2015,12/01/2015,11/16/2015,-2589408,8914.81,0,8914.81,299999999.99,0,(null),0,,,,,,,
12/01/2015,01/01/2016,12/16/2015,-2675721.6,7669.11,0,7669.11,299999999.99,0,(null),0,,,,,,,
01/01/2016,02/01/2016,01/16/2016,-2675721.6,6364.88,0,6364.88,299999999.99,0,(null),0,,,,,,,
02/01/2016,03/01/2016,02/15/2016,-2503094.4,4970.56,0,4970.56,299999999.99,0,(null),0,,,,,,,
03/01/2016,04/01/2016,03/16/2016,-2675721.6,4437.15,0,4437.15,299999999.99,0,(null),0,,,,,,,
04/01/2016,05/01/2016,04/16/2016,-2589408,7143.94,0,7143.94,299999999.99,0,(null),0,,,,,,,
05/01/2016,06/01/2016,05/16/2016,-2675721.6,9022.73,0,9022.73,299999999.99,0,(null),0,,,,,,,
06/01/2016,07/01/2016,06/16/2016,-2589408,10550.22,0,10550.22,299999999.99,0,(null),0,,,,,,,
07/01/2016,08/01/2016,07/16/2016,-2675721.6,10829.5,0,10829.5,299999999.99,0,(null),0,,,,,,,
08/01/2016,09/01/2016,08/16/2016,-2675721.6,11187.25,0,11187.25,299999999.99,0,(null),0,,,,,,,
09/01/2016,10/01/2016,09/16/2016,-2589408,9135.6,0,9135.6,299999999.99,0,(null),0,,,,,,,
10/01/2016,11/01/2016,10/16/2016,-2675721.6,7926.39,0,7926.39,299999999.99,0,(null),0,,,,,,,
11/01/2016,12/01/2016,11/16/2016,-2589408,6450.36,0,6450.36,299999999.99,0,(null),0,,,,,,,
12/01/2016,01/01/2017,12/16/2016,-2675721.6,5549.01,0,5549.01,299999999.99,0,(null),0,,,,,,,
01/01/2017,02/01/2017,01/16/2017,-2675721.6,4605.32,0,4605.32,299999999.99,0,(null),0,,,,,,,
02/01/2017,03/01/2017,02/15/2017,-2416780.8,3482.61,0,3482.61,299999999.99,0,(null),0,,,,,,,
03/01/2017,04/01/2017,03/16/2017,-2675721.6,3229.88,0,3229.88,299999999.99,0,(null),0,,,,,,,
04/01/2017,05/01/2017,04/16/2017,-2589408,2601.69,0,2601.69,299999999.99,0,(null),0,,,,,,,
05/01/2017,06/01/2017,05/16/2017,-2675721.6,3462.01,0,3462.01,299999999.99,0,(null),0,,,,,,,
06/01/2017,07/01/2017,06/16/2017,-2589408,5304.62,0,5304.62,299999999.99,0,(null),0,,,,,,,
07/01/2017,08/01/2017,07/16/2017,-2675721.6,6989.53,0,6989.53,299999999.99,0,(null),0,,,,,,,
08/01/2017,09/01/2017,08/16/2017,-2675721.6,7729.41,0,7729.41,299999999.99,0,(null),0,,,,,,,
09/01/2017,10/01/2017,09/16/2017,-2589408,7346.15,0,7346.15,299999999.99,0,(null),0,,,,,,,
10/01/2017,11/01/2017,10/16/2017,-2675721.6,8436.43,0,8436.43,299999999.99,0,(null),0,,,,,,,
11/01/2017,12/01/2017,11/16/2017,-2589408,6872.3,0,6872.3,299999999.99,0,(null),0,,,,,,,
12/01/2017,01/01/2018,12/16/2017,-2675721.6,5911.99,0,5911.99,299999999.99,0,(null),0,,,,,,,
01/01/2018,02/01/2018,01/16/2018,-2675721.6,4906.59,0,4906.59,299999999.99,0,(null),0,,,,,,,
02/01/2018,03/01/2018,02/15/2018,-2416780.8,3710.42,0,3710.42,299999999.99,0,(null),0,,,,,,,
03/01/2018,04/01/2018,03/16/2018,-2675721.6,3441.17,0,3441.17,299999999.99,0,(null),0,,,,,,,
04/01/2018,05/01/2018,04/16/2018,-2589408,2771.89,0,2771.89,299999999.99,0,(null),0,,,,,,,
05/01/2018,06/01/2018,05/16/2018,-2675721.6,2384.56,0,2384.56,299999999.99,0,(null),0,,,,,,,
06/01/2018,07/01/2018,06/16/2018,-2589408,3028.21,0,3028.21,299999999.99,0,(null),0,,,,,,,
07/01/2018,08/01/2018,07/16/2018,-2675721.6,5493.05,0,5493.05,299999999.99,0,(null),0,,,,,,,
08/01/2018,09/01/2018,08/16/2018,-2675721.6,6060.27,0,6060.27,299999999.99,0,(null),0,,,,,,,
09/01/2018,10/01/2018,09/16/2018,-2589408,5674.17,0,5674.17,299999999.99,0,(null),0,,,,,,,
10/01/2018,11/01/2018,10/16/2018,-2675721.6,8656.17,0,8656.17,299999999.99,0,(null),0,,,,,,,
11/01/2018,12/01/2018,11/16/2018,-2589408,8053.13,0,8053.13,299999999.99,0,(null),0,,,,,,,
12/01/2018,01/01/2019,12/16/2018,-2675721.6,6943.81,0,6943.81,299999999.99,0,(null),0,,,,,,,
01/01/2019,02/01/2019,01/16/2019,-2675721.6,5762.94,0,5762.94,299999999.99,0,(null),0,,,,,,,
02/01/2019,03/01/2019,02/15/2019,-2416780.8,4358,0,4358,299999999.99,0,(null),0,,,,,,,
03/01/2019,04/01/2019,03/16/2019,-2675721.6,4041.76,0,4041.76,299999999.99,0,(null),0,,,,,,,
04/01/2019,05/01/2019,04/16/2019,-2589408,3255.67,0,3255.67,299999999.99,0,(null),0,,,,,,,
05/01/2019,06/01/2019,05/16/2019,-2675721.6,2800.73,0,2800.73,299999999.99,0,(null),0,,,,,,,
06/01/2019,07/01/2019,06/16/2019,-2589408,2984.47,0,2984.47,299999999.99,0,(null),0,,,,,,,
07/01/2019,08/01/2019,07/16/2019,-2675721.6,4800.81,0,4800.81,299999999.99,0,(null),0,,,,,,,
08/01/2019,09/01/2019,08/16/2019,-2675721.6,4756.9,0,4756.9,299999999.99,0,(null),0,,,,,,,
09/01/2019,10/01/2019,09/16/2019,-2589408,4233.64,0,4233.64,299999999.99,0,(null),0,,,,,,,
10/01/2019,11/01/2019,10/16/2019,-2675721.6,3996.67,0,3996.67,299999999.99,0,(null),0,,,,,,,
11/01/2019,12/01/2019,11/16/2019,-2589408,3224.45,0,3224.45,299999999.99,0,(null),0,,,,,,,
